MSI_DO_YOU_AGREE,请问是否同意？
MSI_SERVER_CONNECTION_FAILED,与伺服器连结失败
MSI_UNABLE_TO_CONNECT_SERVER,与伺服器断线
MSI_BANNED,与伺服器断线
MSI_SERVER_OFF,伺服器终止连线
MSI_DOUBLE_LOGIN_PROHIBITED,此帐号目前登入中，若非自行操作，为确保帐号安全，请至GNJOY游戏平台修改密码并使用帐号安全锁
MSI_INCORRECT_USERID,尚未登录的使用者帐号。请重新确认帐号
MSI_INCORRECT_PASSWORD,密码错误
MSI_ID_EXPIRED,本帐号已超过使用期限
MSI_ACCESS_DENIED,伺服器拒绝连线
MSI_CHARACTER_NAME_ALREADY_EXISTS,这个人物名称已经有人使用
MSI_CHARACTER_CREATION_DENIED,人物创造失败
MSI_CANNOT_DELETE_CHARACTER,人物删除失败
MSI_ENTER_ROOM_TITLE,请输入聊天室的名称
MSI_BAD_SENTANGE,内容含有不雅的言词
MSI_ENTER_PASSWORD,请输入密码
MSI_Enter_Password_more_than_4_char,密码请输入四位数以上
MSI_DO_YOU_REALLY_WANT_TO_QUIT,是否同意终止
MSI_NAME_MUST_EXCEED_4_CHAR,请输入四字以上
MSI_DELETE_CHARACTER,确定要删除人物吗？
MSI_BAD_NAME,内容含有不雅的言词
MSI_ENTER_NAME_MORE_THAN_4_CHAR,请输入人物姓名（中文二个字。＠＠英文四个字以上）
MSI_LIST_COMMAND,/h :指令浏览
MSI_EFFECT_ON,开启效果
MSI_EFFECT_OFF,关闭效果
MSI_VOLUME_OF_SOUND,音量
MSI_VOLUME_OF_BGM,背景音量
MSI_SOUND_ON,开启效果音
MSI_SOUND_OFF,关闭效果音
MSI_FRAME_SKIP_ON,开启画面同步更新功能
MSI_FRAME_SKIP_OFF,关闭画面同步更新功能
MSI_BGM_ON,开启背景音乐
MSI_BGM_OFF,关闭背景音乐
MSI_EXPLAIN_HELP,/h or /help ：指令浏览
MSI_EXPLAIN_WHO,/w or /who （人物名称）：显示现在线上人数或是查询玩家是否在于线上
MSI_EXPLAIN_MUSIC,/music ：开启关闭背景音乐
MSI_EXPLAIN_SOUND,/sound ：开启关闭音量
MSI_EXPLAIN_EFFECT,/effect ：开启关闭效果
MSI_EXPLAIN_POS,/where ：标示现在位置
MSI_EXPLAIN_FRAMESKIP,/Skip :开启关闭画面同步更新
MSI_EXPLAIN_SOUNDVOLUME,/v (0~127)：调整音量
MSI_EXPLAIN_BGMVOLUME,/bv (0~127)：调整背景音乐音量
MSI_EXPLAIN_SAYISOLATION,/ex （人物名称）：拒绝接收某指定人物的悄悄话
MSI_EXPLAIN_LIST_SAYISOLATION_CHAR,/ex ：拒绝悄悄话的人物列表
MSI_EXPLAIN_SAY_PERMIT,/in（人物名称）：接受某指定人物的悄悄话
MSI_EXPLAIN_SAY_PERMITALL,/inall ：接受所有人物的悄悄话
MSI_EXPLAIN_SAY_ISOLATEALL,/exall ：拒绝所有人物的悄悄话
MSI_EXPLAIN_TIP1,按滑鼠右键点选人物不放再按下左键即可将该人物加入悄悄话名单中
MSI_EXPLAIN_TIP2,物品快速键设定（F12
MSI_NO_SAME_SENTANCE,同一句话无法连续传送三次以上
MSI_NO_SEND_BECAUSE_INSULT,内容含有不雅的言词传送中止
MSI_CAN_DRAG_ITEM_OLNY_ONETIME,同样的道具不能重复拿取
MSI_CANT_GET_ITEM_BECAUSE_WEIGHT,超过最大负重量，无法取得道具
MSI_CANT_GET_ITEM,无法取得道具
MSI_DEAL_SECCESS,交易成功
MSI_INSUFFICIENT_MONEY,金钱不足
MSI_OVER_WEIGHT,超过负重量
MSI_DEAL_FAIL,交易失败
MSI_REFUSE_HEAR_ALL,拒绝接收所有悄悄话讯息
MSI_REQ_REFUSE_HEAR_ALL_FAIL,拒绝接收所有悄悄话讯息失败
MSI_HEAR_ALL,开启接收所有悄悄话功能
MSI_REQ_HEAR_ALL_FAIL,开启接收所有悄悄话功能失败
MSI_NO_REFUSE_HEAR_LIST,"没有接收 ,拒绝悄悄话讯息的人物名单"
MSI_REFUSE_HEAR_LIST,─拒绝悄悄话的人物名单─
MSI_ROOM_IS_MADE,开启聊天室成功
MSI_TOO_MANY_ROOM,聊天室数量超过上限
MSI_SAME_ROOM_TITLE,这个聊天室名称已有人使用
MSI_TOO_MANY_PEOPLE_IN_ROOM,此聊天室人数超过上限，无法进入
MSI_YOU_HAVE_BANNED_FROM_THE_ROOM,被拒绝进入此聊天室
MSI_REJECT_DEAL,此人物拒绝与您交易道具
MSI_TOO_FAR_TO_DEAL,超过可交易的距离
MSI_CHARACTER_IS_NOT_EXIST,没有您所指定的人物
MSI_CHARACTER_IS_DEALING,此人物与其他人物正在交易中
MSI_CHARACTER_IS_OVER_WEIGHT,对方人物超过最大负重量，无法拿取
MSI_DEAL_IS_CANCELED,交易取消
MSI_DEAL_SUCCESS,交易道具成功
MSI_DEAL_FAILED,交易道具失败
MSI_PARTY_MAKE_SUCCEED,队伍成功
MSI_SAME_PARTY_NAME,这个队伍名称已经有人使用
MSI_YOU_ARE_ALREADY_IN_PARTY,已经加入队伍中
MSI_CHARACTER_IS_ALREADY_IN_PARTY,已经加入了其它队伍
MSI_CHARACTER_REJECT_JOIN,拒绝加入队伍
MSI_CHARACTER_ACCEPT_JOIN,成功加入队伍
MSI_TOO_MANY_PEOPLE_IN_PARTY,超过队伍成员人数上限
MSI_YOU_LEAVE_FROM_PARTY,已退出队伍
MSI_SEND_TO_ALL,公开发言
MSI_SEND_TO_PARTY,队伍发言频道
MSI_REQ_DEAL_WITH,(先生／小姐)询问您愿不愿意交易道具
MSI_REQ_JOIN_PARTY,(先生／小姐)邀请您加入队伍
MSI_ROOM_PRIVATE,未公开
MSI_ROOM_PUBLIC,公开
MSI_RESTART_MSG,要想回到上次登入地点的话，请按再开始，要想回去选角色的话 请按终止
MSI_SELECT_DEAL_TYPE,请选择交易选项
MSI_SUGGEST_DEAL,询问(先生／小姐)愿不愿意交易
MSI_SUGGEST_JOIN_PARTY,送来一封邀请加入队伍的讯息。请问您同意加入队伍吗？
MSI_INVALID_COMMAND,指令错误
MSI_LEAVE_PARTY,退出
MSI_EXPEL,删除姓名
MSI_MSG,寄出一封信
MSI_1ON1,1：1对话
MSI_CHARACTER_INFO,讯息
MSI_PARTY_SETTING,设定队伍
MSI_FRIEND,朋友
MSI_PARTY,队伍
MSI_EQUIPED_ITEM,装备栏
MSI_STATUS,人物能力属性状态栏
MSI_ITEM,物品栏
MSI_EXPLAIN_PARTY,/成立「队伍名称」：成立队伍@@/退出：退出队伍
MSI_EXPLAIN_TIP3,若您是队伍队长，按滑鼠右键则可看到邀请加入队伍名单的视窗
MSI_RESTORE,回复
MSI_ATTACK,攻击
MSI_SUPPORT,补助
MSI_ALL,全部
MSI_WEAPON,武器
MSI_DEFENCE,防御
MSI_WATER,水属性
MSI_EARTH,地属性
MSI_FIRE,火属性
MSI_WIND,风属性
MSI_EQUIPITEM_OLNY_ONE,"相同种类的装备道具 ,一次只能购买一项"
MSI_ONLY_16BIT_WHEN_WINDOWMODE,执行于视窗模式时，请切换至16BIT彩色模式
MSI_PLEASE_BE_PATIENT,请稍候
MSI_WAITING_RESPONSE_FROM_SERVER,请稍候
MSI_MAKING_CHARACTER,请稍候
MSI_DELETING_CHARACTER,请稍候
MSI_MAKING_ROOM,做聊天室
MSI_CHANGE_ROOM_SETTING,更换聊天室
MSI_BAN,强制踢出
MSI_GIVE_GIVE_ROOM_POWER,给予聊天室长的权限
MSI_SEE_INFORMATION_OF_CHARACTER,显示资讯
MSI_CHAT_ROOM,聊天室
MSI_COUNT_UNIT_OF_PEOPLE,人数
MSI_EXPLAIN_SIT,/sit ：坐下，坐下时回复站立
MSI_EXPLAIN_STAND,/stand ：站立，站立时回复坐下
MSI_EXPLAIN_MAKE_CHAT,/chat ： 开启聊天室视窗
MSI_EXPLAIN_EXIT_CHAT_ROOM,/q：离开聊天室
MSI_EXPLAIN_DEAL,/deal [人物名称] :邀请与某指定人物交易
MSI_EXPLAIN_ORGANIZE_PARTY,/organize 「队伍名称」：成立新队伍
MSI_EXPLAIN_LEAVE_PARTY,/leave :退出队伍
MSI_EXPLAIN_EXPEL_PARTY_MEMBER,/expel [人物名称] :将某指定人物从队伍中除名
MSI_EXPLAIN_TIP4,[Alt] + [End] :切换是否用血条方式显示自己角色的HP和SP值
MSI_EXPLAIN_TIP5,[Alt] + [Home] :此键无任何功能
MSI_EXPLAIN_TIP6,[Insert] :坐下站立
MSI_YOU_RECEIVE_MVP_ITEM,成为MVP啰!! MVP 道具是
MSI_YOU_RECEIVE_MVP_ITEM2,！！
MSI_YOU_RECEIVE_MVP_EXP,成为MVP啰！！特别经验值
MSI_YOU_RECEIVE_MVP_EXP2,取得！！
MSI_YOU_THROW_MVPITEM,虽然您是MVP，但超过最大负重量，无法取得MVP道具！！
MSI_NOT_EXIST_CHARACTER,没有此人物名称
MSI_NO_RECEIVE_MODE,对方拒绝接收讯息
MSI_NO_RECEIVE_MODE_FOR_ALL,"目前无法接收 ,所有人物的讯息状态"
MSI_SUCCESS_DISCONNECT_CHARACTER,"拒绝与人物接触 ,成功"
MSI_FAIL_DISCONNECT_CHARACTER,"拒绝与人物接触 ,失败"
MSI_GET_ITEM,取得 %s %d 个
MSI_EXPLAIN_TIP7,[Alt] + [=] :文字间隙缩小
MSI_EXPLAIN_TIP8,[F10] : 调整讯息视窗大小 [Alt] + [F10] : 讯息视窗 On Off
MSI_EXPLAIN_TIP9,"悄悄话功能： 在对话栏左边空格输入要密语的角色名字，右边输入你要传给对方的 ,对话内容"
MSI_EXPLAIN_TIP10,表情指令:按下 Alt + (1~9)组合键或是Ctrl + ( -  =  \ )可以做出特定之表情动作
MSI_EXPLAIN_TIP11,"发话给队伍中成员的方法 : 在发语讯息前面加上%符号 ,就可以发话给队伍成员。 (例如 %大家好)"
MSI_NOT_ENOUGH_SKILLLEVE1,技能等级不足。无法使用交易。
MSI_NOT_ENOUGH_SKILLLEVE2,技能等级不足。无法使用表情符号。
MSI_NOT_ENOUGH_SKILLLEVE3,技能等级不足。无法坐下。
MSI_NOT_ENOUGH_SKILLLEVE4,技能等级不足。无法开启聊天室功能。
MSI_NOT_ENOUGH_SKILLLEVE5,技能等级不足。无法成立队伍。
MSI_NOT_ENOUGH_SKILLLEVE6,技能等级不足。无法使用仓库。
MSI_NOT_ENOUGH_SKILLLEVE7,技能等级不足。无法与其它人物PK。
MSI_ITEMS_FOR_BUY,购买道具列表
MSI_ITEM_STORE,道具商店
MSI_ITEMS_FOR_SELL,出售道具列表
MSI_ITEMS_THAT_IS_STORED,保管道具
MSI_ITEM_IS_EQUIPED,装备穿著完成
MSI_ITEM_IS_REMOVED,装备卸下完成
MSI_ADD_TO_WHISPER_CHAR_LIST,"在悄悄话名单上 ,输入名字"
MSI_EXPLAIN_TIP12,照相机功能: 按[Print Screen]或 [Scroll Lock]即可。
MSI_TIPOFTHEDAY,今天的小秘诀
MSI_DIDYOUKNOW,^3850a0您知道吗... ^000000 //^709fed
MSI_SHOWTIPSATSTARTUP,开始的时候打开
MSI_EXPLAIN_OPENTIP,/tip : 打开今天的小秘诀
MSI_NUMPEOPLE,现在上线人数%d名
MSI_USERGETINTHEROOM,(%s)(先生／小姐)进入游戏
MSI_USERGETOUTOFTHEROOM,(%s)(先生／小姐)退出游戏
MSI_USERGETOUTOFTHEROOMBYFORCE,(%s)(先生／小姐)强制退出游戏
MSI_EA,%d 个
MSI_EA2,%s : %d 个
MSI_EA3,%s %s : %d 个
MSI_ITEMSYOUCANSELL,可出售的项目
MSI_SHOPITEMS,在商店出售的项目
MSI_NOWHERE,不知名区域
MSI_CLIENTTYPEMISMATCH,伺服器和语言设定不一致
MSI_CLOSEEQUIPWND,"要丢弃道具 ,请先关闭装备视窗"
MSI_ENGLISHONLY,只能使用英文
MSI_NOTSUPPORTEDYET,现在还未开放
MSI_NOWHISPERLIST,没有悄悄话名单
MSI_WHISPERIGNORESUCCESS,拒绝悄悄话状态
MSI_WHISPERIGNOREFAILED1,悄悄话邀请失败
MSI_WHISPERIGNOREFAILED2,悄悄话邀请失败(人数超过上限)
MSI_WHISPERNOIGNORESUCCESS,可以传送悄悄话
MSI_WHISPERNOIGNOREFAILED1,悄悄话邀请失败
MSI_WHISPERNOIGNOREFAILED2,悄悄话邀请失败(人数超过上限)
MSI_NO_SPACE_IN_NAME,名字第一个字与最后一个字不能留空白
MSI_ROOM_PRIVATE2,未公开
MSI_ROOM_PUBLIC2,公开
MSI_USESKILL_FAIL_SP_INSUFFICIENT,SP不足
MSI_USESKILL_FAIL_HP_INSUFFICIENT,HP不足
MSI_NOT_ENOUGH_SKILLLEVE8,使用技能失败
MSI_FAIL_STEAL,偷窃失败
MSI_EXCHANGE,交易视窗
MSI_FAIL_POISON,施毒失败
MSI_ID_MISMATCH,此ID伺服器无法辨识
MSI_SPEEDUP,速度提升
MSI_SPEEDDOWN,速度减低
MSI_EXPLAIN_TIP13,/memo  : 记忆空间移动场所(有此记忆技能时才可使用)
MSI_RANDOM_POS,任意的位置
MSI_SELECTWHERETOWARP,请选择空间移动的位置
MSI_NOTENOUGHSKILLLEVEL,技能等级不足
MSI_NO_STORED_PLACE_TO_WARP,尚无空间移动场所储存资料
MSI_NOWARPSKILL,尚无可空间移动场所之技能
MSI_WARPPOINTSTORED,已记忆空间移动场所
MSI_CANCEL,取消
MSI_SKILLINTERVAL,技能使用量不足
MSI_CANT_GET_ITEM_BECAUSE_COUNT,已经超过一次可以拿取的数量，无法再拿取任何道具。
MSI_INSUFFICIENT_OVER_COUNT,道具数量超过上限。
MSI_MERCHANTITEM,手推车功能
MSI_CARTOFF,放弃手推车
MSI_MERCHANTSHOPMAKER,开设商店
MSI_ENTER_SHOP_TITLE,请输入商店名称
MSI_ITEM_MY_STORE,我的商店
MSI_ITEM_MERCHANT_STORE,商人道具店
MSI_ITEMS_FOR_BUY_FROM_MERCHANT,想要跟商人买的道具项目
MSI_FAIL_BUY_ITEM_FROM_MERCHANT,%s购买失败 @@%
MSI_INSUFFICIENT_STOCK,库存数量不足
MSI_ITEM_IS_SOLD,卖出%s %d 个　。
MSI_MERCHANTMIRRORITEM,在商店里可以卖的物品
MSI_SKILL_FAIL_MONEY,金钱不足无法使用此技能
MSI_SELECTTARGET,请您选择使用的对象
MSI_EXPLAIN_TIP14,/pk on : pk On /pk off : pk Off
MSI_STREETSHOP,商店
MSI_OPENCARTWINDOW,手推车 物品[Alt+W]
MSI_BASICINFOWND,基本讯息视窗
MSI_USESKILL_FAIL_NOT_SUITABLE_WEAPON,用这武器无法使用此技能
MSI_FAIL_BUY_ITEM_FROM_MERCHANT_NO_STOCK,%s 购买失败 @@库存数量不足 @@现在库存数量 %d 个
MSI_SPEEDHACK,与伺服器连线中断
MSI_ERR_ATTACK_ARROW,请先装备弓箭
MSI_ERR_ATTACK_WEIGHT,负重量过大，无法攻击或使用技能
MSI_ERR_SKILL_WEIGHT,负重量过大无法使用技能
MSI_MSG_ARROW_EQUIPMENT_SUCCESS,已装备弓箭
MSI_NEED_REDJAMSTONE,需要红色魔力矿石
MSI_NEED_BLUEJAMSTONE,需要蓝色魔力矿石
MSI_DESC_STR,力量
MSI_DESC_AGI,敏捷
MSI_DESC_VIT,体质
MSI_DESC_INT,智力
MSI_DESC_DEX,灵巧
MSI_DESC_LUK,幸运
MSI_DESC_ATK,攻击力
MSI_DESC_DEF,防御力
MSI_DESC_HIT,命中率
MSI_DESC_CRI,必杀攻击率
MSI_DESC_GUILD,所属公会
MSI_DESC_POINT,提升素质点数
MSI_DESC_MATK,魔法攻击力
MSI_DESC_MDEF,魔法防御力
MSI_DESC_FLEE,迴避率
MSI_DESC_ASPD,攻击速度
MSI_PC_OVERFLOW,本区域使用人数超过上限，无法登入
MSI_OPTIONWND,选项栏
MSI_ID_EMAIL_CONFIRM_NEEDED,GNJOY会员帐号未通过实名认证、未绑安全锁或是被冻结的游戏帐号
MSI_INCORRECT_LOGIN_PASSWORD,您输入的帐号或密码有误，若忘记密码请透过GNJOY平台会员专区->仙境传说->忘记密码进行重置
MSI_SELECT_HAIR_STYLE,选择发型
MSI_ATK,攻击力
MSI_DEF,防御力
MSI_ATTACK_SNAP_ON,攻击时自动锁定游标功能开启
MSI_ATTACK_SNAP_OFF,攻击时自动锁定游标功能关闭
MSI_SKILL_SNAP_ON,技能使用时自动锁定游标功能开启
MSI_SKILL_SNAP_OFF,技能使用时自动锁定游标功能关闭
MSI_EXPLAIN_SNAP,/snap:功击魔物时自动锁定游标功能 On Off/skillsnap:使用技能时自动锁定游标功能On Off
MSI_ITEM_SNAP_ON,/itemsnap:捡拾道具时自动锁定游标功能开启
MSI_ITEM_SNAP_OFF,/itemsnap:捡拾道具时自动锁定游标功能关闭
MSI_SNAP,游标
MSI_CANT_GET_ITEM_OVERCOUNT_ONEITEM,同一种道具无法取得3万个以上
MSI_CANT_DELETE_CHARACTER_OVER_30_LEVEL,无法删除等级30以上的角色，欲删除此角色请洽游戏GM
MSI_FAIL_BUY_ITEM_ITEM_EXCHANGING,交易中的道具无法购买或贩卖
MSI_STALL_NAME,商店名称
MSI_SKILLLIST,技能栏
MSI_SKILLPOINT,技能点数 : %d
MSI_USESKILL_FAIL,使用技能失败
MSI_PASSIVE,被动
MSI_EXPDIV1,各自取得
MSI_EXPDIV2,均等分配
MSI_ITEMCOLLECT1,各自取得
MSI_ITEMCOLLECT2,队伍队员全体共有
MSI_PARTYSETTING,队伍设定
MSI_HOWEXPDIV,经验值分配方式
MSI_HOWITEMCOLLECT,道具搜集方式
MSI_ONLY_PARTYMASTER,只有队伍队长可以设定
MSI_NOQUESTION_ITEMCOUNT,不询问道具数量
MSI_CHARARATER_DELETE_COUNT,^ff0000%d^000000秒以后角色将被删除，要取消这个动作请按取消键
MSI_MAXEXCHANGE_IS_10_KIND,最多可交换10种道具
MSI_LIMIT_AGE,"您的年龄太小 ,被列为无法使用此游戏"
MSI_ENTER_EMAIL,请输入E-MAIL
MSI_ENTER_EMAIL_TOOLTIP,输入E-MAIL
MSI_CANNOT_DELETE_CHARACTER_EMAIL,"E-MAIL地址错误 ,无法删除此角色"
MSI_ENTER_PEOPLE_REG_NUMBER,请输入身份证号码
MSI_CANNOT_DELETE_CHARACTER_PEOPLE_REG_NUMBER,"身分证号码错误 ,无法删除此角色"
MSI_CANT_SELL_OVER_15,一次无法贩卖15种以上的道具
MSI_UNDER_AGE,这游戏有年龄限制，此帐号无法与伺服器连线
MSI_NO_RECOVER_OVERWEIGHT,"重量达到50%以上时 ,HP与SP无法自动回复"
MSI_NO_ATTACK_OVERWEIGHT,"重量达到90%以上时 ,无法使用攻击和技能"
MSI_NO_RECOVER_OVERWEIGHT_RELEASED,"现在是HP与SP ,可自动回复的状态"
MSI_NO_ATTACK_OVERWEIGHT_RELEASED,现在是攻击和使用技能的状态
MSI_INVALID_VERSION,请更新 最新的游戏版本
MSI_ITEM_IS_SOLD_OUT,道具已全部卖出
MSI_WRITE_CHAT_TO_FILE,把聊天内容存档
MSI_EXPLAIN_SAVE_CHAT,/savechat :储存聊天内容
MSI_MAKEACCOUNT,申请个人帐号
MSI_REQ_EX_LIST,拒绝悄悄话状态
MSI_REQ_IN,开启悄悄话状态
MSI_MISS_EFFECT_ON,开启显示 MISS 标示
MSI_MISS_EFFECT_OFF,关闭显示 MISS 标示
MSI_FIXED_CAMERA_ON,开启照相机  
MSI_FIXED_CAMERA_OFF,关闭照相机  
MSI_EXPLAIN_CAMERA_MISS,/camera On Off :照相机焦点固定开启或关闭 /miss On Off:攻击失败动画图示开启或关闭
MSI_SEE_INFORMATION_OF_SKILL,显示技能讯息
MSI_CHANGE_SKILL_NAME,更改技能名称
MSI_SPRITE_RESOLUTION,背景解析度调整
MSI_TEXTURE_RESOLUTION,质感解析度调整
MSI_DETAILLEVELWND,详细调整
MSI_GET_ZENY,取得%s金币 
MSI_GUILDNAME,公会名称
MSI_GUILDLEVEL,公会等级
MSI_GUILD_MASTER_NAME,会长名称
MSI_GUILD_NUM_MEMBER,公会人数
MSI_GUILD_AVG_MEMBER_LEVEL,公会成员平均等级
MSI_GUILD_MANAGE_LAND,管理领域
MSI_GUILD_FAIR,兴趣性向
MSI_GUILD_EXP,经验值
MSI_GUILD_EMBLEM,公会标志
MSI_GUILD_POINT,公会缴纳点数
MSI_ALLY_GUILD,同盟公会
MSI_HOSTILITY_GUILD,敌对公会
MSI_GUILDINFOMANAGE,公会资讯
MSI_GUILDMEMBERMANAGE,组合员资讯
MSI_GUILDPOSITIONMANAGE,职位设定
MSI_GUILDSKILL,公会技能
MSI_GUILDBANISHEDMEMBER,公会成员逐出名单
MSI_GUILDNOTICE,公告事项
MSI_GUILDTOTALINFO,所有公会名单
MSI_WHISPERLISTWND,悄悄话名单
MSI_OPENWHISPERLISTWND,开启悄悄语视窗
MSI_EXPLAIN_WHISPER_LIST_WND,"按 [Alt] + [H]键 ,开启悄悄话视窗"
MSI_AUTOOPENWHISPERLISTWND,自动开启悄悄话视窗
MSI_DELETE,删除
MSI_DONTOPEN,以下无法开启
MSI_LAST_LOGIN_TIME,最后连线时间
MSI_LAST_LOGIN_IP,最后连线的IP
MSI_FRIEND_SETTING,设定朋友
MSI_DO_YOU_REALLY_WANT_DELETE,确认真的要删除吗？
MSI_DO_YOU_REALLY_WANT_LEAVE,确认真的要退出吗？
MSI_ADD_TO_FRIEND_CHAR_LIST,登录成朋友名单
MSI_AUTOOPENWHISPERLISTWND_FRIEND,朋友上线时自动开启1：1对话窗
MSI_OPEN_1ON1_WINDOW,开启1：1视窗
MSI_AUTOOPEN_1ON1_WINDOW,"不是朋友时 ,开启1：1对话窗"
MSI_WHISPER_OPEN_SOUND,"开启1：1对话窗时 ,以警示声告知"
MSI_DO_YOU_REALLY_WANT_EXPEL,真的删除人物吗？
MSI_USER_LEFT_GUILD,%s (先生／小姐)退出公会。
MSI_REASON_LEAVE_GUILD,退出原因 : %s
MSI_DISORGANIZE_GUILD_FAILURE,公会解散失败
MSI_DISORGANIZATION_REASON,公会解散原因:%s
MSI_DELETED_ACCOUNT,这个帐号已经被删除
MSI_SELLPRICE,售价：
MSI_BAN_GUILD,%s (先生／小姐)遭公会逐出。
MSI_REASON_BAN_GUILD,遭逐出原因%s
MSI_CAN_NOT_EQUIP_ITEM,无法装备道具
MSI_PARTYSETTING_CHANGE_IMPOSSIBLE,无法更改队伍设定
MSI_GUILD_MAKE_SUCCESS,已完成公会
MSI_GUILD_MAKE_ALREADY_MEMBER,您已是公会的一员
MSI_GUILD_MAKE_GUILD_EXIST,此公会名称已有人使用
MSI_SUGGEST_JOIN_GUILD,"从公会送来 ,邀请加入的讯息。请问您是否同意加入公会?"
MSI_CHARACTER_IS_ALREADY_IN_GUILD,已加入其它公会
MSI_CHARACTER_REJECT_JOIN_GUILD,拒绝加入公会
MSI_CHARACTER_ACCEPT_JOIN_GUILD,加入公会成功
MSI_TOO_MANY_PEOPLE_IN_GUILD,公会人数超过上限
MSI_REQ_JOIN_GUILD,邀请(%s)(先生／小姐)加入公会
MSI_NOT_ENOUGH_FOR_MANNER_POINT,"技能等级不足 ,无法给予礼貌点数"
MSI_GIVING_MANNER_POINT_SUCCESS,给礼貌点数加点成功
MSI_YOU_USE_TODAY_ALREADY,今天您已经使用过了
MSI_ONE_MONTH_NOT_PASSED,"给予这角色 ,还没满一个月"
MSI_RECEIVE_PLUS_MANNER_POINT,"您已从%s(先生／小姐)那 ,获得礼貌点数"
MSI_RECEIVE_MINUS_MANNER_POINT,"您已从%s(先生／小姐)那,获得非礼貌点数"
MSI_GIVE_PLUS_MANNER_POINT,缩短禁言时间
MSI_GIVE_MINUS_MANNER_POINT,延长禁言时间
MSI_REQ_DEAL_WITH2,邀请与(%s)(先生／小姐)交易
MSI_REQ_JOIN_PARTY2,邀请(%s)(先生／小姐)加入队伍
MSI_SUGGEST_ALLY_GUILD,从公会收到邀请加入同盟的讯息。请问您是否愿意加入同盟?
MSI_REQALLYGUILD_ALREADY_ALLIED,已成为同盟
MSI_REQALLYGUILD_REJECT,拒绝同盟
MSI_REQALLYGUILD_ACCEPT,接受同盟
MSI_REQALLYGUILD_OVERSIZE,对方公会的同盟队数超过上限
MSI_REQALLYMYGUILD_OVERSIZE,公会的同盟队数超过上限
MSI_REQ_ALLY_GUILD,邀请公会同盟
MSI_DISORGANIZE_GUILD_SUCCESS,公会解散成功
MSI_DISORGANIZE_GUILD_INVALIDKEY,身份证号码有误，无法解散公会
MSI_DISORGANIZE_GUILD_MEMBEREXIST,仍有公会会员，无法解散公会
MSI_REQ_HOSTILE_GUILD,公会战争
MSI_SELECT_HAIR_COLOR,选择发色
MSI_GUILD_MAKE_GUILD_NONE_ITEM,"缺乏组成公会时 ,所需要的道具"
MSI_MONSTER_INFO_WINDOW,魔物讯息
MSI_NAME,姓名
MSI_LEVEL,等级
MSI_HP,生命值
MSI_SIZE,大小
MSI_RACETYPE,种族
MSI_MDEFPOWER,MDEF
MSI_PROPERTY,属性
MSI_PROPERTY_NEUTURAL,无
MSI_PROPERTY_WATER,水属性
MSI_PROPERTY_EARTH,地属性
MSI_PROPERTY_FIRE,火属性
MSI_PROPERTY_WIND,风属性
MSI_PROPERTY_POISON,毒属性
MSI_PROPERTY_SAINT,圣属性
MSI_PROPERTY_DARK,暗属性
MSI_PROPERTY_MENTAL,念力属性
MSI_PROPERTY_UNDEAD,不死属性
MSI_CANT_MAKE_ITEM,目前无法制造道具
MSI_MAKE_LIST,制造目录
MSI_MAKE_TARGET,制造
MSI_REQUIRE_FOR_MAKE_TARGET,所需材料
MSI_MAKE_TARGET_FAIL,制造失败
MSI_MAKE_TARGET_SUCCEESS,制造成功
MSI_MAKE_TARGET_FAIL_MSG,%s 制造失败
MSI_MAKE_TARGET_SUCCEESS_MSG,%s 制造成功
MSI_NOT_ENOUGH_LEVEL,等级不足
MSI_TOO_HIGH_LEVEL,等级太高
MSI_NOT_ACCEPTABLE_JOB,职业不适合
MSI_TALKBOX_WINDOW,陷阱探查讯息
MSI_TALKBOX_WINDOW_MSG,请输入要记录的资料
MSI_SEND_TO_GUILD,公会发言频道
MSI_NOT_SETTLED,帐号储值点数已用完，请先储值
MSI_ACCOUNT_BUSY,伺服器繁忙中，请待会再尝试连线
MSI_INFORMATION_REMAINED,"当于伺服器断线时,或是连续重新登入时,会有20秒的时间内无法登入, 请于20秒后再进行登入"
MSI_BIRDOFF,解散猎鹰
MSI_CHIKENOFF,骑乘停止
MSI_SIZE_SMALL,小型
MSI_SIZE_MIDDLE,中型
MSI_SIZE_BIG,大型
MSI_DOUBLE,两倍卡片
MSI_TRIPLE,三倍卡片
MSI_QUADROPLE,四倍卡片
MSI_LOGIN_REFUSE_BLOCKED_UNTIL,%s为止，禁止登入
MSI_MANUFACTURED_NORMAL_ITEM,制造物品
MSI_MANUFACTURED_FIRE_ITEM,制造火属性物品
MSI_MANUFACTURED_ICE_ITEM,制造冰属性物品
MSI_MANUFACTURED_WIND_ITEM,制造风属性物品
MSI_MANUFACTURED_EARTH_ITEM,制造地属性物品
MSI_ACCOUNT_ADDRESS,61.220.60.11
MSI_ACCOUNT_PORT,6900
MSI_REGISTRATION_WEB_URL,http:// ro.gnjoy.com.tw
MSI_BAN_USER,%s 使用者强制下线
MSI_ONE_STARPIECE,一级强悍
MSI_TWO_STARPIECE,二级强悍
MSI_THREE_STARPIECE,三级强悍
MSI_GUILD_KICK_REASON,公会逐出原因
MSI_INCATTACKSPEED,提升攻击速度
MSI_DECATTACKSPEED,减缓攻击速度
MSI_INCWEAPONATTACK,提升武器攻击力
MSI_DECWEAPONATTACK,减少武器攻击力
MSI_FASTPREDELAY,减少吟唱的时间
MSI_NORMALPREDELAY,恢复正常的吟唱时间
MSI_WEAPONPROPERTYPOISON,赋予武器毒属性
MSI_WEAPONPROPERTYSAINT,赋予武器圣属性
MSI_WEAPONPROPERTYORIGINAL,赋予武器原来的属性
MSI_ARMORPROPERTYSAINT,赋予防具圣属性
MSI_ARMORPROPERTYORIGINAL,赋予防具原来的属性
MSI_BARRIOR,变成能源外套状态
MSI_DISAPPEARBARRIOR,解除能源外套状态
MSI_PERFECTDAMAGE,"给予小型,中型,大型魔物 100%的攻击力"
MSI_DISAPPEARPERFECTDAMAGE,解除无视体型攻击状态
MSI_OVERTHRUSTING,"武器被破坏的可能性变高 ,相对的武器攻击力也增加"
MSI_DISAPPEAROVERTHRUSTING,解除凶砍状态 
MSI_MAXIMIZE,把武器最大的性能提高
MSI_DISAPPEARMAXIMIZE,解除武器值最大化
MSI_SERVER_PROPERTY_NEW,[新伺服器]
MSI_SERVER_USER_COUNT,- %d名 
MSI_SERVER_INSPECTING, - 维护中
MSI_GUILD_MEMBER_STATUS_ONLINE,公会成员（%s先生，小姐）上线了。
MSI_GUILD_MEMBER_STATUS_OFFLINE,公会成员（%s先生，小姐）离线了。
MSI_GOT_EXPERIENCE_POINT,取得%d经验值
MSI_GOT_JOB_EXPERIENCE_POINT,取得%d职业经验值
MSI_LEFT_GUILD,退出公会了。。
MSI_BAN_FROM_GUILD,在公会里遭逐出。
MSI_ITEM_IDENTIFY_SUCCEESS,道具鉴定成功
MSI_ITEM_IDENTIFY_FAIL,道具鉴定失败
MSI_ITEM_COMPOUNDING_SUCCEESS,道具组合成功
MSI_ITEM_COMPOUNDING_FAIL,道具组合失败
MSI_HOSTILE_GUILD_SUCCEESS,敌对公会成功
MSI_TOO_MANY_HOSTILE_GUILD,因敌队公会数超过上限，故敌对公会失败。
MSI_ALREADY_REGISTERED_HOSTILE_GUILD,已是敌队公会
MSI_ITEM_REFINING_SUCCEESS,精鍊成功
MSI_ITEM_REFINING_FAIL,精鍊失败
MSI_IMPOSSIBLE_TELEPORT_AREA,无法使用传送移动的地区
MSI_POSSIBLE_TELEPORT_AREA,不可以使用传送移动的地区
MSI_CANT_EXIT_NOW,现在无法离线
MSI_POSITION,职位
MSI_JOB,职业
MSI_MEMO,备忘录
MSI_CONTRIBUTION,贡献
MSI_EXP_CONTIRIBUTION,缴纳经验值
MSI_LEAVE_GUILD,退出公会
MSI_EXPEL_GUILD,除名
MSI_GRADE,级别
MSI_POSITION_NAME,职称
MSI_JOIN_AUTHORITY,加入权限
MSI_PENALTY_AUTORITY,处罚权限
MSI_CONTRIBUTION_PERCENT,缴纳%
MSI_TITLE,题目
MSI_CONTENTS,内容
MSI_GUILD_NAME,公会名称
MSI_GUILD_LEVEL,公会等级
MSI_GUILD_PEOPLE_COUNT,公会人数
MSI_RANKING,公会排行榜
MSI_ITEM_IDENTIFY,道具鉴定
MSI_ITEM_COMPOUNDING,道具合成
MSI_PLEASE_INPUT_WHY_LEAVING,请您输入退出公会的原因
MSI_PELASE_INPUT_WHY_EXPEL,请您输入逐出 公会的原因
MSI_PLEASE_CLOSE_STORE,请您关闭商店视窗
MSI_SKILL_NAME,技能名称
MSI_ITEM_NAME,道具名称
MSI_SETTLE_WEB_URL,https://member.gnjoy.com.tw/billing.aspx 
MSI_BAN_IP_OVERFLOW,在网咖店可以使用的IP数量已经都用了，您要用个人帐号付费吗?
MSI_BAN_PAY_OUT,储值点数已用完，结束游戏。
MSI_NAMELENGTH_TOO_LONG,输入名称过长，请输入中文11字英文23字以内的名称
MSI_DELETE_AFTER_10_SECOND,等到^ff0000%d^000000秒后 ，即将删除您的角色。 若您想要放弃这个动作请按下[取消]。
MSI_BILLING_100,您是月费卡使用者
MSI_BILLING_200,您是点数卡使用者，可使用时间还剩下%d小时%d分%d秒。
MSI_BILLING_300,您是免费使用者
MSI_BILLING_400,您是免费期限的使用者，可使用时间还剩下%d小时%d分%d秒。
MSI_BILLING_500,您所使用的是网咖店月费卡，可使用时间还剩下%d小时%d分%d秒。。
MSI_BILLING_501,您所使用的网咖店点数卡，可使用时间还剩下%d小时%d分%d秒。若有其它玩家与您同时使用点数卡，所消耗的时间将可能会越快。。
MSI_BILLING_600,"您是网咖店里 ,免费期限的使用者"
MSI_BILLING_700,"您是网咖店里 ,免费的使用者"
MSI_BILLING_800,您是点数卡地区的使用者
MSI_EMOTION_LIST,表情符号栏
MSI_VIEW_EMOTION,/表情符号
MSI_EMOTION_SURPRISE,/！
MSI_EMOTION_QUESTION,/？
MSI_EMOTION_DELIGHT,/高兴
MSI_EMOTION_THROB,/爱心
MSI_EMOTION_BIGTHROB,/大爱心
MSI_EMOTION_SWEAT,/流冷汗
MSI_EMOTION_AHA,/灵感
MSI_EMOTION_FRET,/生气
MSI_EMOTION_ANGER,/郁闷
MSI_EMOTION_MONEY,/金钱
MSI_EMOTION_THINK,/无言
MSI_EMOTION_THANKS,/感谢
MSI_EMOTION_KEK,/无奈
MSI_EMOTION_SORRY,/抱歉
MSI_EMOTION_SMILE,/欢笑
MSI_EMOTION_PROFUSELY_SWEAT,/喷汗
MSI_EMOTION_SCRATCH,/迷惑
MSI_EMOTION_BEST,/一级棒
MSI_EMOTION_STARE_ABOUT,/寻找
MSI_EMOTION_HUK,/天哪！
MSI_EMOTION_O,/O
MSI_EMOTION_X,/X
MSI_EMOTION_HELP,/救命
MSI_EMOTION_GO,/出发
MSI_EMOTION_CRY,/哭泣
MSI_EMOTION_KIK,/奸笑
MSI_EMOTION_CHUP,/接吻
MSI_EMOTION_CHUPCHUP,/轻吻
MSI_EMOTION_HNG,/呼
MSI_EMOTION_OK,/嗯
MSI_SHORTCUT_LIST,表情符号快速键视窗
MSI_BAN_PAY_SUSPEND,这帐号保留使用状态。
MSI_BAN_PAY_CHANGE,因为收费机制的变更，游戏暂时停止连线，请重新连线。
MSI_BAN_PAY_WRONGIP,您输入的IP与收费伺服器认证的IP不符，停止连线。
MSI_BAN_PAY_PNGAMEROOM,"在网咖店里的IP ,为防止个人点数卡被扣点 , 所以暂时停止连线 , 想要使用点数卡扣点的话 ,请使用登录在非网咖店的IP, 以便使用"
MSI_BAN_OP_FORCE,"您已被管理人员 ,强制结束游戏。"
MSI_USESKILL_FAIL_WEIGHTOVER,您的重量超过90%，无法使用技能。
MSI_NAMELESS_USER,无名
MSI_RANK_IN_TEN,"恭喜您，%s目前在排行榜中 ,晋升至第%d名。"
MSI_RANK_OUT_TEN,"真可惜，%s目前在排行榜中 ,掉落至第%d名。"
MSI_PET_INFO,宠物情报
MSI_PET_HUNGRY,满足感
MSI_PET_FRIENDLY,亲密度
MSI_CANT_OPEN_STORE_WHILE_CHAT,无法同时开启商店与聊天窗
MSI_EA4,个
MSI_SLAIN,使%s变成无法战斗状态
MSI_SLAINBY,%s设定您为无法战斗的状态
MSI_NOT_EXIST_PET_FOOD,饲料- 没有''%s''这项物品..
MSI_PET_FEEDING,喂食饲料
MSI_PET_PERFORMANCE,表现状态
MSI_PET_RETURN_EGG,回复蛋的状态
MSI_PET_ACC_OFF,移除装饰品
MSI_PET_SHOWINFO,观看宠物状态
MSI_PET_ACCESSARY,装饰品
MSI_ITEM_EQUIPED,装备装载完成
MSI_PET_EGG_LIST,宠物目录清单
MSI_ITEM_UNEQUIPED,装备装载失败
MSI_SURE_TO_FEED_PET,您确定要给牠饲料吗？
MSI_CAN_INPUT_NUMBER_ONLY,价格请输入（0~9）以内的数字.
MSI_CANT_SELL_UNIDENTIFIED_ITEM,尚未鉴定的物品不能卖出
MSI_YOU_HAVE_FREE_ITEM_ON_SHOP,价格 0金币的物品存在，请问您要继续吗？  
MSI_NEW_EMOTION_LIST,[新增的表情符号]
MSI_BAN_JAPAN_REFUSE1,给台湾测试版本使用者的讯息.->请再一次登记在 游戏新干线
MSI_BAN_JAPAN_REFUSE2,给台湾收费停止使用者的讯息.->请缴费  缴两次费用
MSI_ALREADY_SAME_AID_JOINED,相同的帐号角色 已经登入了
MSI_SERVER_PROPERTY_ADULT,(%d 名) - 满18岁以上可以使用
MSI_ENST_PROVOKE,已变成挑衅状态
MSI_DSST_PROVOKE,挑衅状态已解除
MSI_ENST_ENDURE,已变成霸体状态
MSI_DSST_ENDURE,霸体状态已解除
MSI_ENST_CONCENTRATION,已变成集中力提升状态
MSI_DSST_CONCENTRATION,集中力提升状态已解除
MSI_ENST_HIDING,已变成隐匿状态
MSI_DSST_HIDING,隐匿状态已解除
MSI_ENST_CLOAKING,已变成伪装状态
MSI_DSST_CLOAKING,伪装状态已解除
MSI_ENST_POISONREACT,已变成毒性反弹状态
MSI_DSST_POISONREACT,毒性反弹状态已解除
MSI_ENST_QUAGMIRE,移动速度变慢了
MSI_DSST_QUAGMIRE,泥沼地状态已解除
MSI_ENST_ANGELUS,防御力已增强
MSI_DSST_ANGELUS,天使之障壁状态已解除
MSI_ENST_BLESSING,已变成天使之赐福状态
MSI_DSST_BLESSING,天使之赐福状态已解除
MSI_ENST_CRUCIS,已使用天使之光状态
MSI_DSST_CRUCIS,天使之光状态已解除
MSI_ENST_SLOWPOISON,毒施放速度变慢了
MSI_DSST_SLOWPOISON,缓毒术状态已解除
MSI_ENST_MAGNIFICAT,SP 恢复速度有提升
MSI_DSST_MAGNIFICAT,圣母之颂歌状态已解除
MSI_ENST_GLORIA,幸运值有提升
MSI_DSST_GLORIA,幸运之颂歌状态已解除
MSI_ENST_LEXAETERNA,一次攻击 让对方得到两倍的损失状态
MSI_DSST_LEXAETERNA,天使之怒状态已解除
MSI_ENST_ADRENALINE,攻击速度已增加
MSI_DSST_ADRENALINE,攻击速度已减缓
MSI_ENST_RIDING,已骑上大嘴鸟
MSI_DSST_RIDING,已从大嘴鸟上下来了
MSI_ENST_FALCON,已装备好驯鹰术了
MSI_DSST_FALCON,驯鹰术状态已解除
MSI_ENST_TRICKDEAD,已变成装死状态
MSI_DSST_TRICKDEAD,装死状态已解除
MSI_ENST_SHOUT,力量有增加
MSI_DSST_SHOUT,力量又恢复到之前的水平
MSI_ENST_ENERGYCOAT,已变成能量外套状态
MSI_DSST_ENERGYCOAT,能量外套状态已解除
MSI_ENST_BROKENAMOR,防具已破碎
MSI_DSST_BROKENAMOR,防具破碎状态已解除
MSI_ENST_BROKENWEAPON,武器已破碎
MSI_DSST_BROKENWEAPON,武器破碎状态已解除
MSI_ENST_ILLUSION,已变成欢迎状态
MSI_DSST_ILLUSION,欢迎状态已解除
MSI_REFUSE_BLOCK_TEMPORARY,收费讯息处理很慢  所以造成连线延误  请稍后与伺服器连线
MSI_UNEQUIP_ARROW,要把已装备的箭矢 / 子弹 / 飞镖给解除掉
MSI_ARROW_LIST,箭目录
MSI_CART_LIST,手推车目录
MSI_MUST_EQUIP_CART,一定要变成卡片装载状态
MSI_CANT_MAKE_CHAT_ROOM,无法开启聊天室
MSI_3DAY_FREE,请玩家到新的伺服器 开设新的帐号玩 可享受15天的免费 畅游时间
MSI_CANT_USE_WHEN_SITDOWN,坐下时无法使用此项物品
MSI_BAD_MANNER_REMAIN,强制禁止聊天和技能功能 还剩下%d分钟。
MSI_BAD_MANNER_END,解放禁止聊天和技能功能。
MSI_REF_UNEQUIP,无法装备道具
MSI_VERY_HUNGRY,肌饿
MSI_HUNGRY,稍微肌饿
MSI_NORMAL,普通
MSI_REPLETE,吃饱
MSI_VERY_REPLETE,非常饱
MSI_VERY_AWKWARD,非常陌生
MSI_AWKWARD,稍微陌生
MSI_FRIENDLY,有点亲密
MSI_VERY_FRIENDLY,非常亲密
MSI_UNKNOWN,不知道
MSI_BILLING_DAY_HOUR_MINUTES,您剩下使用时间为 %日 %d小时 %d分钟.
MSI_BAN_INFORMATION_REMAINED_ANOTHER_ACCOUNT,此帐号已经在其他Account server登入当中.
MSI_BILLING_HOUR_MINUTES,您剩下使用时间为 %d小时 %d分钟.
MSI_BILLING_FREE_USER,您是免费玩家
MSI_REFUSE_NONSAKRAY_ID_BLOCKED,该帐号无法登入免费伺服器
MSI_PETNAME_IN23,你一定要叫做宠物名字 英文23个字，中文11个字以内。
MSI_PETNAME_CHANGE_ONLYONCE,名字只能改一次。宠物名字会改成 ^0000ff^0000ff %s^000000^000000 。你确定吗？
MSI_NAMEBALLOON_TYPE,/字形
MSI_GUILDZENY_NOT_ENOUGH,在公会剩下的金币不足，做事失败了。
MSI_GUILDZENY_OVER,超过公会可拥有的最大额，做事失败了。
MSI_MINEFFECT_ON,效果简单化 On
MSI_MINEFFECT_OFF,效果简单化 Off
MSI_CAPITAL,资金
MSI_OPEN_ITEMWND_TO_THROW,你想要把物品丢到地上，请打开物品窗。
MSI_ASK_PNGAMEROOM,网咖点数已用完，将转换为个人点数付费，确定要继续吗?
MSI_REPLY_REMAINTIME,No Msg_1
MSI_INFO_REMAINTIME,No Msg_2
MSI_OVER_OR_LOW_MONEY,"金额不足, 或者是你所拥用的最大金额 已超过了"
MSI_PRESS_ESC_TO_RESTART,你已经死亡了。请按 esc 键后，选择‘重新开始’。或者请选择‘继续游戏’。
MSI_EA_OBTAIN,取得 %d 个
MSI_SPELL_LIST,讯息表
MSI_MINEFFECT,/最小化
MSI_DAMAGED_ITEM,此物品已受到损坏
MSI_EXPLAIN_NOSHIFT,"/noshift : 不用按shift键, 也可以用治癒术攻击魔物 。On Off"
MSI_NOSHIFT_ON,"不用按shift键, 也可以用治癒术攻击魔物 。[ON]"
MSI_NOSHIFT_OFF,"不用按shift键, 也可以用治癒术攻击魔物 。[OFF]"
MSI_REFUSE_BAN_BY_DBA,MSI_REFUSE_BAN_BY_DBA
MSI_REFUSE_EMAIL_NOT_CONFIRMED,MSI_REFUSE_EMAIL_NOT_CONFIRMED
MSI_REFUSE_BAN_BY_GM,MSI_REFUSE_BAN_BY_GM
MSI_REFUSE_TEMP_BAN_FOR_DBWORK,MSI_REFUSE_TEMP_BAN_FOR_DBWORK
MSI_REFUSE_SELF_LOCK,MSI_REFUSE_SELF_LOCK
MSI_REFUSE_NOT_PERMITTED_GROUP,MSI_REFUSE_NOT_PERMITTED_GROUP
MSI_REFUSE_WAIT_FOR_SAKRAY_ACTIVE,MSI_REFUSE_WAIT_FOR_SAKRAY_ACTIVE
MSI_EXPLAIN_AURA,/aura : 可以使aura简略化 。 On Off
MSI_AURA_ON,可以使aura正常显示 。[aura ON]
MSI_AURA_OFF,可以使aura简略化的显示 。[aura OFF]
MSI_PROHIBIT_LOG,禁止聊天记录 %d 次
MSI_PROHIBIT_LIST,禁止聊天目录
MSI_EXPLAIN_SHOWNAMETYPE,/showname : 变更角色姓名的显示方式 。
MSI_EXPLAIN_NOCTRL,"/noctrl : 不用按ctrl键, 也可以自动攻击魔物 。On Off"
MSI_NOCTRL_ON,"不用按ctrl键, 也可以自动攻击魔物 。[自动攻击 ON]"
MSI_NOCTRL_OFF,"要按ctrl键, 才可以自动攻击魔物 。 [自动攻击 OFF]"
MSI_APPEND_PROHIBIT,禁止聊天
MSI_ERASE_PROHIBIT,禁止聊天完全解除 (解除 Log) 
MSI_REDUCE_PROHIBIT,缩短禁止聊天时间 (不解除 Log)
MSI_SHOWNAME_ON,字形变得正常 。 [名称显示方式 1]
MSI_SHOWNAME_OFF,"字形变细之后, 会显示队伍名 [名称显示方式 2]"
MSI_EXPLAIN_DORIDORI,"/doridori :若连续输入这指令, 玩家角色会摇头"
MSI_BILLING_INTERNET_CAFE,网路论坛收费中
MSI_BILLING_BOTH,月费期限还剩 %d天 %d小时 %d分。\n点数期限还剩 %d天 %d小时 %d分
MSI_EXPLAIN_BINGBING,"/bingbing : 若连续输入这指令, 玩家角色会逆时钟方向转身 ."
MSI_EXPLAIN_BANGBANG,"/bangbang : 若连续输入这指令, 玩家角色会顺时钟方向转身 ."
MSI_EXPLAIN_SKILLFAIL,"/skillfail : 使用红色技能失败时,不会显示讯息 。On Off "
MSI_SKILLFAIL_ON,"使用技能失败时,会显示讯息 。[显示 ON]"
MSI_SKILLFAIL_OFF,"使用技能失败时,不会显示讯息 。 [显示 OFF]"
MSI_EXPLAIN_NOTALKMSG,/notalkmsg : 聊天的内容不显示在聊天视窗上 。 On Off
MSI_NOTALKMSG_ON,聊天的内容显示在聊天视窗上 。[ON]
MSI_NOTALKMSG_OFF,聊天的内容不显示在聊天视窗上。 [OFF]
MSI_EXPLAIN_SET1,/set1 : /noctrl + /showname + /skillfail
MSI_EXPLAIN_FOG,/fog : 可以开启/关闭FOG效果 。On Off
MSI_SUGGEST_COUPLE,"有人向您求婚, 您要不要答应?"
MSI_HOWITEMDIV,物品分配方式
MSI_ITEMDIV1,各自取得
MSI_ITEMDIV2,均等分配
MSI_KEYCRYPT,1
MSI_KEYCRYPT_INSTALL_KEYDRIVER,2
MSI_KEYCRYPT_REBOOT,3
MSI_KEYCRYPT_INSTALLFAIL,4
MSI_KEYCRYPT_SKIPKEYCRYPT,5
MSI_KEYCRYPT_NOKEYCRYPTFILE,6
MSI_KEYCRYPT_USBKEYBOARD,7
MSI_FINDHACK_PATH,8
MSI_FINDHACK_NOTINSTALLED,9
MSI_FINDHACK_HACKTOOLEXIST,10
MSI_FINDHACK_CANTDOWNLOAD,11
MSI_FINDHACK_NOFILE,12
MSI_FINDHACK_EXCEPTION,13
MSI_FINDHACK_EXITPRESSED,14
MSI_FINDHACK_UPDATEFAILED,15
MSI_NAMED_PET,被爱的
MSI_REPORTCOMMAND_EXPLANATION,/report : 储存报案用的整理档案
MSI_REPORTTEXT_HEADER,"本档案 在游戏新干线客服部 使用为游戏内不礼貌或不正当行为\n证据资料.\n 如果把它储存为其他文件型式 或者更改内容不符合原件, \n 该档案不具备任何证据效力."
MSI_LOVE_SKILL,我爱你 !!
MSI_EXPLAIN_BRIGHT,"画面或效果太光亮时, 请调整显示器的明暗."
MSI_EXPLAIN_ALTTAB,"在全体画面模式有问题时,在执行游戏后请用ALT+TAB 键转换画面. 对有些电脑机种而言是有效的办法."
MSI_SERVER_PROPERTY_PAY,(%d 名) - 收费伺服器
MSI_SERVER_PROPERTY_FREE,(%d 名) - 免费伺服器
MSI_CANT_CONNECT_TO_PAY_SERVER,免费会员不能连接到收费伺服器上
MSI_QUICKSPELL_ON,点选滑鼠右键之后，可以使用 F9键里的储存技能 [/q1 ON]
MSI_QUICKSPELL_OFF,点选滑鼠右键之后，不能使用技能[/q1 OFF]
MSI_EXPLAIN_QUICKSPELL,/quickspell  : 点选滑鼠右键之后，可以使用 F9键里的储存技能On Off
MSI_QUICKSPELL2_ON,使用滑鼠滚轮之后，可以使用F7键和F8键里的储存技能 [/q2 ON]
MSI_QUICKSPELL2_OFF,使用滑鼠滚轮之后，不能使用技能 [/q2 OFF]
MSI_EXPLAIN_QUICKSPELL2,/quickspell2 :上下滚动滑鼠滚轮之后，可以使用F7键和F8键里的储存技能 On Off 
MSI_EXPLAIN_QUICKSPELL3,/q3 : /quickspell (/q1) + /quickspell2 (/q2)
MSI_EMOTION_STARE,/e1(用眼睛瞪他)
MSI_EMOTION_HUNGRY,/e2(饭)
MSI_EMOTION_COOL,/e3(漂亮)
MSI_EMOTION_MERONG,/e4(吐舌头)
MSI_EMOTION_SHY,/e5(害羞)
MSI_EMOTION_GOODBOY,/e6(摸对方的头发)
MSI_EMOTION_SPTIME,/e7(补充sp休息中)
MSI_EMOTION_SEXY,/e8(流口水中)
MSI_EMOTION_COMEON,/e9(请过来)
MSI_EMOTION_SLEEPY,/e10(打哈欠)
MSI_EMOTION_CONGRATULATION,/e11(恭喜)
MSI_EMOTION_HPTIME,/e12(流汗)
MSI_EXPLAIN_EMOTION,/emotion : 显示出现在可以使用的表情符号清单.
MSI_BATTLE_ON,可以利用键盘使用技能快速键，视窗2和3的技能. [/bm ON]
MSI_BATTLE_OFF,无法利用键盘使用技能快速键，视窗2和3的技能. [/bm OFF]
MSI_EXPLAIN_BATTLE,/battlemode : 按Q ~ O 的话，可以使用技能快速键，视窗2的技能.
MSI_EXPLAIN_BATTLE2,                     按A ~ L的话，可以使用技能快速键，视窗 3的技能.
MSI_EXPLAIN_LAG,执行RO时同时打开其它程式的话，游戏速度可能会变慢.
MSI_SUPERNOVICE1,天使~ 您有听到我的声音吗? ^^;
MSI_SUPERNOVICE2,我是超级初学者
MSI_SUPERNOVICE3,唷~
MSI_SUPERNOVICE4,帮帮我吧~
MSI_SUGGEST_BABY,有人想要领养您， 请问您要答应吗?
MSI_EXPLAIN_BATTLE3,                 按住Z ~ > 键，可以使用技能快捷列1的技能. On Off
MSI_EXPLAIN_BATTLE4,                 按一次Space键，输入文字之后就可以聊天.
MSI_NPGAMEMON_ERROR_AUTH_GAMEGUARD,没有游戏保护程式或是已被伪造了，请重新安装执行游戏保护程式.
MSI_NPGAMEMON_ERROR_CRYPTOAPI,Windows部份程式档案遭到受损 ，请用Internet Explorer (IE)来重新建置.
MSI_NPGAMEMON_ERROR_EXECUTE,游戏保护程式执行时失败了，请重新安装执行游戏保护程式.
MSI_NPGAMEMON_ERROR_ILLEGAL_PRG,发现不合法的程式 ，请将不必要的程式关闭后重新执行.
MSI_NPGMUP_ERROR_ABORT,取消游戏保护程式升级，若不能连线时请确认一下网路和防火墙的状态.
MSI_NPGMUP_ERROR_CONNECT,游戏保护程式升级和连接伺服器失败了 ，请稍后再连线或是再确认一下网路和防火墙状态 
MSI_NPGMUP_ERROR_AUTH,游戏保护程式升级没有完成，请检查是否有病毒 ，请使用电脑管理程式的调整设定后， 再重新执行一次游戏 
MSI_EXPLAIN_NOTRADE,/notrade : 自动拒绝申请交易 On Off 
MSI_NOTRADE_ON,自动拒绝申请交易[/nt ON] 
MSI_NOTRADE_OFF,正常的接受申请交易 [/nt OFF] 
MSI_LIMIT_BUY_ITEM,同样的物品不能一次购买 30000个以上 
MSI_NOT_ENOUGH_SOURCE,材料不足. 
MSI_ALREADY_CONNECT,%s帐号情报有被留下. 
MSI_HACKING_INVESTIGATION,此帐号目前因检查骇客问题所以无法登入，详细的情形请利用骇客服务E-mail来寻问. 
MSI_BUG_INVESTIGATION,此帐号目前因在处理BUG问题中，所以暂时无法上线. 
MSI_REPAIRITEMLIST,这是可修理的物品 
MSI_ITEM_REPAIR_SUCCEESS,物品修理成功 
MSI_ITEM_REPAIR_FAIL,物品修理失败 (请确认物品 或是与对方的距离) 
MSI_SYSTEM_CHECK_ON,/sc ON 
MSI_SYSTEM_CHECK_OFF,/sc OFF 
MSI_EXPLAIN_SYSTEM_CHECK,/systemcheck :要继续查看系统状况吗？[运营者专用]
MSI_SUGGEST_JOIN_FRIEND,(%s)要求你做他好朋友，您要同意吗？
MSI_FRIEND_ADD_ME_OVERSIZE,不能再继续登陆好友了
MSI_FRIEND_ADD_OTHER_OVERSIZE,(%s)不能在继续登陆好友了
MSI_FRIEND_ADD_SUCCEED,(%s)成为了好友
MSI_FRIEND_ADD_FALSE,(%s)拒绝成为你的好友
MSI_BLOCKED,该角色%s已被冻结。
MSI_OVERPRICE,输入千万价格以上的道具会自动以千万的价格买卖
MSI_LITTLEUSER,（空闲）
MSI_ALITTLEUSER,（流畅）
MSI_NORMLEUSER,（正常）
MSI_MANYUSER,（拥挤）
MSI_VERYMANYUSER,（人满）
MSI_GM_BAD_MANNER_START,因为非礼貌行为被GM禁言聊天室%d分钟
MSI_GM_BAD_MANNER_REMAIN,被禁言时间还剩下%d分钟
MSI_GM_BAD_MANNER_END,被禁言的时间已解除了
MSI_AUTO_BAD_MANNER_START,为防止洗频，禁言程式会做%d分钟的禁言
MSI_AUTO_BAD_MANNER_REMAIN,为防止洗频，禁言时间还剩下%d分钟
MSI_AUTO_BAD_MANNER_END,为防止洗频，禁言时间已解除了，进行游戏时请注意，勿洗频
MSI_DIVORCE,%s先生和 %s小姐已离婚了
MSI_STARPLACE1,指定为拳圣的 %s太阳的场所了 %s
MSI_STARPLACE2,指定为拳圣的 %s月亮的场所了 %s
MSI_STARPLACE3,指定为拳圣的 %s星星的场所了 %s
MSI_STARPLACE4,这里是拳圣的 %s太阳的场所 %s
MSI_STARPLACE5,这里是拳圣的 %s月亮的场所 %s
MSI_STARPLACE6,这里是拳圣的 %s星星的场所 %s
MSI_STARMONSTER1,指定为拳圣的 %s太阳的魔物了 %s
MSI_STARMONSTER2,指定为拳圣的 %s月亮的魔物了 %s
MSI_STARMONSTER3,指定为拳圣的 %s星星的魔物了%s
MSI_STARMONSTER4,这是拳圣的 %s太阳的魔物 %s
MSI_STARMONSTER5,这是拳圣的 %s月亮的魔物 %s
MSI_STARMONSTER6,这是拳圣的 %s星星的魔物 %s
MSI_EXPLAIN_WINDOW,/window : 视窗位置移动时， 和其它视窗贴在一起的属性会进到里面 On Off 
MSI_WINDOW_ON,视窗位置移动时，和其它视窗会连接在一起 [/wi ON] 
MSI_WINDOW_OFF,视窗位置移动时，想要和其它视窗连接在一起的属性，并不会被拿走[/wi OFF] 
MSI_EXPLAIN_PVP_INFO,/pvpinfo : 可以查询自己的 PVP 胜负和 PVP 点数 
MSI_PVP_INFO,"现场 %d胜, %d败, PVP点数是 %d分 "
MSI_SEND_MANNER_POINT,您已获得礼貌点数！！成功的传给你了 
MSI_PKZONE,现在这边是可PK的地区，请小心不利的攻击 
MSI_NPGAMEMON_ERROR_100ERROR,Game  Guard 升级，或是病毒和spyware冲突导致失败，请使用防毒软体/ spyware 把病毒解除后，请再重新登入 
MSI_NPGAMEMON_XP_COMPATIBILITY,因为Window互换行的问题，导致程式上的终了，请重新再执行一次游戏 
MSI_PK_HONOR,"聊天, 技能, 物品等被列为不能使用当中 "
MSI_DELETING_CHAR,现在正在删除角色当中，可能会造成临时性的不能登入 
MSI_DELETING_SPOUSE_CHAR,现在正在把结婚对象的角色删除中，可能会造成临时性的不能登入 
MSI_NOVICE,Novice
MSI_SWORDMAN,Swordman
MSI_MAGICIAN,Magician
MSI_ARCHER,Archer
MSI_ACOLYTE,Acolyte
MSI_MERCHANT,Merchant
MSI_THIEF,Thief
MSI_KNIGHT,Knight
MSI_PRIEST,Prieset
MSI_WIZARD,Wizerd
MSI_BLACKSMITH,Blacksmith
MSI_HUNTER,Hunter
MSI_ASSASSIN,Assassin
MSI_NOVICE_W,Novice
MSI_SWORDMAN_W,Swordman
MSI_MAGICIAN_W,Magician
MSI_ARCHER_W,Archer
MSI_ACOLYTE_W,Acolyte
MSI_MERCHANT_W,Merchant
MSI_THIEF_W,Thief
MSI_KNIGHT_W,Knight
MSI_PRIEST_W,Prieset
MSI_WIZARD_W,Wizerd
MSI_BLACKSMITH_W,Blacksmith
MSI_HUNTER_W,Hunter
MSI_ASSASSIN_W,Assassin
MSI_REQ_JOIN_BABY,邀请领养(%s)先生/小姐，做为您的小孩
MSI_SUGGEST_BABY2,变成小孩的话不能转生，人物属性栏不能升到80以上， HP和SP会被减少， 这样子您可以接受吗?
MSI_GOSPEL1,所有不好的异常状态，都被解除了
MSI_GOSPEL2,1分钟之内，对所有的异常状态会免疫
MSI_GOSPEL3,1分钟之内，最大生命力会暴增
MSI_GOSPEL4,1分钟之内，最大魔法力会暴增
MSI_GOSPEL5,1分钟之内，所有的能力会大幅度的提升
MSI_GOSPEL6,1分钟之内，所使用的武器中，会附加于圣属性
MSI_GOSPEL7,1分钟之内，所使用的铠甲中，会附加于圣属性
MSI_GOSPEL8,10秒钟之内，防御力会大幅度的提升
MSI_GOSPEL9,1分钟之内，攻击力会大幅度的增加
MSI_GOSPEL10,1分钟之内，命中率和迴避率会大幅度的提升
MSI_BABY1,领养过一次小孩的父母，不能再领养其它小孩了
MSI_BABY2,两位父母双方都要等级超过70级以上，才能领养小孩
MSI_BLACKSMITH_POINT,[POINT] 铁匠的排行榜点数上升%d分，所以点数变成%d分了
MSI_ALCHEMIST_POINT,[POINT] 鍊金术师的排行榜点数上升%d分，所以点数变成%d分了
MSI_SUPERNOVICE11,X
MSI_SUPERNOVICE12,X
MSI_SUPERNOVICE13,X
MSI_SUPERNOVICE14,X
MSI_EXPLAIN_NOTALKMSG2,/notalkmsg2 : 聊天内容不会显示在，聊天视窗里 (包含公会的聊天) On Off
MSI_NOTALKMSG2_ON,聊天内容会显示在，聊天视窗里[/nm2 ON]
MSI_NOTALKMSG2_OFF,聊天内容不会显示在，聊天视窗里(包含公会的聊天) [/nm2 OFF]
MSI_REFINEITEMLIST,可以锻冶的物品
MSI_ITEM_REFINE_SUCCEESS,锻冶的武器 : %s
MSI_ITEM_REFINE_FAIL,锻冶的武器: %s
MSI_ITEM_REFINE_FAIL_LEVEL,武器锻冶技能的等级不足%s所以不能锻冶
MSI_ITEM_REFINE_FAIL_MATERIAL,要锻冶时需要的物品不足 (%s) 所以不能锻冶
MSI_FULLSTRIP,完整的护贝了，用卸除所有的武器技能也没有用的
MSI_BABY3,结过婚的角色，不能被领养
MSI_ID_WARNING,和登录为朋友的名字相似 ，但不是登录的名字，请确认一下是不是认识的朋友
MSI_EXPLAIN_HI,/hi 或是 /hi 之类的文章 : 是给登录为朋友的角色打招呼用的
MSI_ID_WARNING_GUILD,和公会里某个成员的名字类似，但不是公会里的成员，请确认一下是不是认识的公会成员
MSI_OVERPRICE9999,若输入的金额超过9999万以上的话，价格还是会以9999万卖出去的
MSI_EXPLAIN_SACHING1,朋友的悄悄话以 [ Friend ]表示，同公会里的成员以 [ Member ] 来表示
MSI_EXPLAIN_SACHING2,( From 角色名字 : ) 以这样表示的悄悄话，即不是朋友也不是公会成员的意思
MSI_EXPLAIN_BLACKSMITH,/alchemist : 可以显示出鍊金术师，排行榜前10名的顺序
MSI_EXPLAIN_ALCHEMIST,/blacksmith : 可以显示出铁匠，排行榜前10名的顺序
MSI_EXPLAIN_ALTY,ALT+Y : 可以容易开启数十种指令的Window视窗
MSI_TAEKWON_POINT,[POINT] 太极任务排行榜点数，上升 %d 目前点数是 %d
MSI_TAEKWON_MISSION,[太极任务] Target Monster : %s (%d%%)
MSI_INIT_ERROR,游戏保护程式洗白错误 : %lu
MSI_SPEEDHACK_DETECT,已侦测到加速程式了
MSI_GAMEHACK_DETECT,已侦测到不合法程式了 (%s)
MSI_GAMEHACK_DOUBT,游戏或是游戏保护程式，被伪造了
MSI_ERROR_EXIST,游戏保护程式正在执行中，请稍后再执行 谢谢
MSI_GAME_EXIST,游戏重覆被执行或是游戏保护程式已经执行中，请结束游戏后再执行一次 谢谢
MSI_ERROR_INIT,游戏保护程式洗白错误，关机后请重新执行，或是将引起其它冲突的程式关闭后重新执行 谢谢
MSI_ERROR_NPSCAN,病毒及骇客检查工具单元下载失败，可能是记忆体不足或是已被病毒感染到了
MSI_HOMUN_INFO,生命体情报 
MSI_HOMUN_SKILLLIST,生命体技能目录 
MSI_HOMUN_NAME_IN23,生命体名称英文请输入23字 ，中文请输入11字
MSI_HOMUN_NAME_CHANGE_ONLYONCE,名称只能换一次，把生命体的名称变更为 ^0000ff^0000ff %s^000000^000000 ，请问你要继续吗?
MSI_AUTO_MSG,现在不在位置中~
MSI_AUTO_MSG2,[自动回应] 
MSI_AUTO_MSG_ON,不在位置时，别人说的悄悄话，做自动回应
MSI_AUTO_MSG_OFF,不在位置时，别人说的悄悄话，不做自动回应
MSI_ENTER_AUTO_MSG,请输入自动回应讯息
MSI_EMOTION_SPARK,/想到一个点子
MSI_EMOTION_CONFUSE,/头晕
MSI_EMOTION_OHNO,/哈啊
MSI_EMOTION_HUM,/无表情
MSI_EMOTION_BLABLA,/吵闹
MSI_EMOTION_OTL,/挫折
MSI_EMOTION_DICE,/骰子
MSI_EXPLAIN_KILLER_RANK,/pk : 可显示出，屠杀者前10名的排行榜
MSI_KILLER_POINT,[POINT] 屠杀者排行榜点数上升到%d，已升到%d的点数了
MSI_HOMUN_EVOLVE,可以进化
MSI_DELETE_HOMUN,^ff0000^ff0000要删除生命体了^000000^000000 要删除时，到目前所饲养的明细全部会被删除，请问你要继续吗?
MSI_TRACE_AI_ON,把生命体的状态，储存在档案里
MSI_TRACE_AI_OFF,不把生命体的状态，储存在档案里
MSI_CRUSADER,Crusader
MSI_MONK,Monk
MSI_SAGE,Sage
MSI_ROGUE,Rouge
MSI_ALCHEMIST,Alchemist
MSI_BARD,Bard
MSI_CRUSADER_W,Crusader_W
MSI_MONK_W,Monk_W
MSI_SAGE_W,Sage_W
MSI_ROGUE_W,Rouge_W
MSI_ALCHEMIST_W,Alchemist_W
MSI_DANCER,Dancer
MSI_NOVICE_H,Novice High
MSI_SWORDMAN_H,Swordman High
MSI_MAGICIAN_H,Magician High
MSI_ARCHER_H,Archer High
MSI_ACOLYTE_H,Acolyte High
MSI_MERCHANT_H,Merchant High
MSI_THIEF_H,Thief High
MSI_NOVICE_H_W,Novice High_W
MSI_SWORDMAN_H_W,Swordman High_W
MSI_MAGICIAN_H_W,Magician High_W
MSI_ARCHER_H_W,Archer High_W
MSI_ACOLYTE_H_W,Acolyte High_W
MSI_MERCHANT_H_W,Merchant High_W
MSI_THIEF_H_W,Thief High_W
MSI_KNIGHT_H,Lord Knight
MSI_PRIEST_H,High Priest
MSI_WIZARD_H,High Priest
MSI_BLACKSMITH_H,White Smith
MSI_HUNTER_H,Sniper
MSI_ASSASSIN_H,Saaassin Cross
MSI_KNIGHT_H_W,Lord Knight_W
MSI_PRIEST_H_W,High Priest_W
MSI_WIZARD_H_W,High Wizard_W
MSI_BLACKSMITH_H_W,White Smith_W
MSI_HUNTER_H_W,Sniper_W
MSI_ASSASSIN_H_W,Saaassin Cross_W
MSI_CRUSADER_H,Paladin
MSI_MONK_H,Champion
MSI_SAGE_H,Professor
MSI_ROGUE_H,Stalker
MSI_ALCHEMIST_H,Creator
MSI_BARD_H,Clown
MSI_CRUSADER_H_W,Paladin_W
MSI_MONK_H_W,Champion_W
MSI_SAGE_H_W,Professor_W
MSI_ROGUE_H_W,Stalker_W
MSI_ALCHEMIST_H_W,Creator_W
MSI_DANCER_H,Gypsy
MSI_STORE_PASSWORD_REQ,没有指定过密码，请问你要指定新的密码吗?
MSI_STORE_PASSWORD_PENALTY,输入密码连续3次错误。请30分钟后再输入，谢谢
MSI_STORE_PASSWORD_CHANGE_NG,变更密码失败了
MSI_STORE_PASSWORD_4_8,输入密码时，4位数字以上及8位数字以下才可以的
MSI_STORE_PASSWORD,密码
MSI_STORE_NEW_PASSWORD,输入新的密码
MSI_STORE_RENEW_PASSWORD,请确认密码
MSI_STORE_PASSWORD_CHANGE_OK,变更密码已完成了
MSI_STORE_PASSWORD_MISMATCH,与输入的新密码不符
MSI_STORE_PASSWORD_INPUT,请输入密码
MSI_HOMUN_HUNGRY,生命体快要频临死亡了! 不赶快喂食的话，牠会离家出走的
MSI_HOMUN_EXP,经验值
MSI_EVENT_RESULT,[EVENT] 你在活动中中奖了，请在游戏内获得物品吧
MSI_HATE,不喜欢
MSI_VERYHATE,非常不喜欢
MSI_HOMUN_USERAI_ON,生命体要启动，使用者的人工智能
MSI_HOMUN_USERAI_OFF,生命体要启动，基本的人工智能
MSI_MAIL_LIST,信的目录
MSI_MAIL_WRITE,写信
MSI_MAIL_READ,读信
MSI_STARPLACE_ACCEPT,被指定一次的话再也不能更改了! 请问你要把这张地图做为指定吗?
MSI_MAIL_ADD_ITEM_SUCCESS,在物品栏里，已增加物品了
MSI_MAIL_ADD_ITEM_FAILURE,在物品栏里，没有增加物品
MSI_MAIL_SEND_SUCCESS,传送信件已经成功了
MSI_MAIL_USER_NOT_FOUND,传送信件已失败了，受信人已不存在
MSI_STAR_ANGEL,[太阳和月亮和星星的天使] 被储存的场所及魔物们已经洗白了
MSI_AUCTION_ADD_FALSE,拍卖物品登录失败了
MSI_AUCTION_ADD_TRUE,拍卖物品登录成功了
MSI_AUCTION_ADD_CANCEL,该拍卖已经被取消了
MSI_AUCTION_ADD_CANCEL_FALSE,已经有投标者的拍卖，是无法取消的
MSI_MAIL_DELETE_SUCCESS,信件删除已成功了
MSI_MAIL_DELETE_FAILURE,信件删除已失败了
MSI_MSG_KNIFE_EQUIPMENT_SUCCESS,投掷的短剑已装备好了
MSI_LOGIN_FRIEND,%s 上线了
MSI_LOGOUT_FRIEND,%s 下线了
MSI_EXPLAIN_LOGINOUT,/loginout : 显示公会员和好友的上/下线状态的消息. On Off
MSI_LOGINOUT_ON,在聊天窗口显示好友上/下线状态的消息. [/li ON]
MSI_LOGINOUT_OFF,在聊天窗口不显示好友上/下线状态的消息.  [/li OFF]
MSI_SGP_CODE_ALREADY_RUNNING,执行当中
MSI_SGP_CODE_DETECTED_MACRO,感应到内卦系统
MSI_SGP_CODE_DETECTED_SPEEDHACK,感应到Speed Hacking
MSI_SGP_CODE_DETECTED_APIHOOK,感应到API Hooking
MSI_SGP_CODE_DETECTED_MSGHOOK,感应到讯息Hooking
MSI_SGP_CODE_NOT_EQUALENCRYPTEDDATA,Module变造或者受到损害或者Ver不一致
MSI_BILLING_PCB,(泰国)您以网咖付费方式登入
MSI_PREV_PAGE,前页
MSI_NEXT_PAGE,下一页
MSI_AUCTION,拍卖
MSI_AUCTION_VIEW,看物品
MSI_AUCTION_ADD,登录
MSI_AUCTION_SELL,贩卖进行状态
MSI_AUCTION_BUY,购买进行状态
MSI_ITEM2,物品
MSI_ITEM_NAME2,物品名称
MSI_ITEM_PRICE,价格 / 直购价
MSI_SELLER,贩卖人
MSI_BUYER,购买人
MSI_FINISH_TIME,剩余时间
MSI_TIME_TYPE,%m月 %d日 %H时
MSI_SET_TIME,时间设定
MSI_CHARGE,手续费
MSI_NOTHING_SEARCH_ITEM,没有搜寻到物品
MSI_NOTHING_SEARCH_SELL_ITEM,目前没有贩卖中的物品
MSI_NOTHING_SEARCH_BUY_ITEM,目前没有购买中的物品
MSI_ERROR_AUCTION_ITEM_INFO,拍卖情报不正确
MSI_NOTHING_AUCTION_ITEM_INFO,没有登录为拍卖物品的情报
MSI_ERROR_ADD_AUCTION,已经登录为拍卖了
MSI_PRICE,起标价格
MSI_PRICE2,希望购买价格
MSI_PRICE3,直购价
MSI_PRICE4,目前拥有金币
MSI_PRICE5,目前最高价格
MSI_PRICE6,之前投标价格
MSI_PRICE7,后来投标价格
MSI_BUY_ACTION_ITEM,请问你要购买吗?
MSI_SELL_ACTION_ITEM,请问以这个价格贩卖吗?
MSI_BUY_AUCTION,投标
MSI_BUY_AUCTION2,直接购买
MSI_BUY_AUCTION3,结束拍卖
MSI_FINISH_AUCTION,再次投标
MSI_RESULT_BUY_TRUE,对该拍卖的投标已成功了
MSI_RESULT_BUY_FALSE,对该拍卖的投标已失败了
MSI_RESULT_BUY_FALSE_MONEY,金币不足
MSI_EQUIP,防具
MSI_CARD,卡片
MSI_ETC,其它
MSI_AUCTION_NUM,拍卖编号
MSI_AUCTION_SEARCH,搜寻
MSI_RESULT_MY_SELL_STOP_TRUE,该拍卖已经结束了
MSI_RESULT_MY_SELL_STOP_FALSE,该拍卖不能结束
MSI_RESULT_AUCTION_ID_FALSE,拍卖编号不正确
MSI_SENDER,收货人
MSI_TITLE2,标题
MSI_NEW_MAIL,新的信件已到达
MSI_SEARCHING_ITEM,搜寻中
MSI_AUCTION_ADD_OVER,不能再做登录拍卖了，登录拍卖最多能做5个物品
MSI_RESULT_BUY_OVER,不能再做拍卖物品的投标了，拍卖物品投标最多能做5个物品
MSI_MAIL_DELETE_ERROR,要删减的信件里，有一件没有收领的物品
MSI_MAIL_SEND_ERROR,请输入信件的标题
MSI_EXPLAIN_SHOPPING,/shopping : 点选一次时可开启商店，当点选商店名称右边时，可关闭商店 On Off
MSI_SHOPPING_ON,点选一次时可开启商店，当点选商店名称右边时可关闭商店 [/sh ON]
MSI_SHOPPING_OFF,连续点击的话，可开启商店 [/sh OFF]
MSI_MAIL_SEND_ERROR2,想要寄信件的话，请输入完金币
MSI_ADD_MONEY_FALSE,拍卖手续费不足
MSI_HOMUN_SHOWINFO,显示状态
MSI_HOMUN_FEEDING,喂食饲料
MSI_HOMUN_WAITING,等候
MSI_JOB_SUPERNOVICE_M,超级初学者(男)
MSI_JOB_SUPERNOVICE_F,超级初学者(女)
MSI_JOB_TAEKWON_M,跆拳 少年
MSI_JOB_TAEKWON_F,跆拳 少女
MSI_KWONSUNG_M,拳圣(男)
MSI_KWONSUNG_F,拳圣(女)
MSI_SOULLINGKER_M,悟灵士(男)
MSI_SOULLINGKER_F,悟灵士(女)
MSI_BAN_PC_IP_UNFAIR,是网咖收费制，以侦测到2个以上的帐号连线了，请确认后再使用
MSI_BILLING_1,您是月费玩家 (剩余时间 : %d天)
MSI_BILLING_2,您是点数玩家 (剩余时间 : %d小时 %分 %秒)
MSI_MAIL_ITEM_ADD_FAILED,该物品是不能附加在信件上的物品
MSI_MAIL_ADD_ITEM_OVER_FAILURE,不能在携带物品了，请问你要把物品放在信件上做保管吗
MSI_PTSEX1,男性
MSI_PTSEX2,女性
MSI_PT_NEWUSER,新玩家
MSI_PT_ACINFO,E-mail是移除角色时所需要
MSI_PT_ACINFO2,请正确的方式来输入
MSI_PT_NEWKEYINFO,16
MSI_PT_FAIL_CARDPASS,17
MSI_PTID1,18
MSI_PTID2,19
MSI_PTID3,20
MSI_PTID4,21
MSI_PT_ERROR_1001,1001
MSI_PT_ERROR_1002,1002
MSI_PT_ERROR_1003,1003
MSI_PT_ERROR_1004,1004
MSI_PT_ERROR_1006,1006
MSI_PT_ERROR_1007,1007
MSI_PT_ERROR_1008,1008
MSI_PT_ERROR_1009,1009
MSI_PT_ERROR_1012,1012
MSI_PT_ERROR_1013,1013
MSI_PT_ERROR_1014,1014
MSI_PT_ERROR_1015,1015
MSI_PT_ERROR_1019,1019
MSI_PT_ERROR_1020,1020
MSI_PT_ERROR_1021,1021
MSI_PT_ERROR_1023,1023
MSI_PT_ERROR_1024,1024
MSI_PT_ERROR_1025,1025
MSI_PT_ERROR_1027,1027
MSI_PT_ERROR_1028,1028
MSI_PT_ERROR_10,10
MSI_PT_ERROR_20,20
MSI_PT_ERROR_40,40
MSI_PT_ERROR_50,50
MSI_PT_ERROR_60,60
MSI_PT_ERROR_70,70
MSI_PT_ERROR_80,80
MSI_PT_ERROR_90,90
MSI_PT_ERROR_100,100
MSI_PT_ERROR_110,110
MSI_PT_POINT1,你要收30点数吗?
MSI_PT_POINT2,已储值30点数(5小时)
MSI_AUCTION_ADD_ITEM_FAILURE,末鉴定的物品不能登录在拍卖上
MSI_AUCTION_ADD_ITEM_FAILURE2,消耗物品不能登录在拍卖上
MSI_CLOSE_MERCHANTITEMWND,要打开信件视窗的话，请先把手推车视窗关闭
MSI_CLOSE_MAILWND,要打开手推车视窗的话，请先把信件视窗关闭
MSI_MSG_BULLET_EQUIPMENT_SUCCESS,子弹已装备完毕
MSI_MAIL_RETURN_SUCCESS,信件被返送回来了
MSI_MAIL_RETURN_FAILURE,没有任何信件
MSI_BAN_PC_IP_COUNT_ALL,在一个小时内，用同一个IP上线的玩家有30件以上，请确认后重新使用
MSI_BAN_PC_IP_COUNT,在一个小时内，用同一个IP上线的玩家有10次以上，请确认后重新使用
MSI_GAMEGUARD_RESTART,请重新开始游戏
MSI_MER_INFO_TYPE_ARCHER,佣兵情报-弓箭手型
MSI_MER_INFO_TYPE_SWORDMAN,佣兵情报-剑士型
MSI_MER_INFO_TYPE_LANCER,佣兵情报-枪兵型
MSI_LEFT_TIME,删除时间
MSI_MER_FRIENDLY,信赖度
MSI_MER_CALLCOUNT,召唤次数
MSI_MER_KILL,杀死
MSI_PET_STARVING,宠物肚子饿了让你感觉到牠在埋怨你
MSI_GANGSI_POINT,[POINT] 饲养任务排行榜点数 %d 上升了 %d 已成为POINT了
MSI_GANGSI_MISSION,[饲养任务] Target Monster : %s
MSI_EXPLAIN_HUNTING,/hunting : 看打猎目录
MSI_DEATH_Q01,[天使的询问] 请告诉这位少女，%s点了多少技能点数?
MSI_DEATH_Q02,[天使的询问] 请告诉这位少女，妳所携带的金币除以10万的话会等于多少?
MSI_DEATH_Q03,[天使的询问] 请告诉这位少女，妳知道今天是几号吗?
MSI_DEATH_Q04,[天使的询问] 请告诉这位少女 ，%s现在是几点啊?
MSI_DEATH_Q05,[天使的询问] A是 1，Z是 26，做为负责超级初学者、跆拳系列、殭尸系列的 SiYeon先生英文字母，把英文字母数字加起来会等于多少呢?
MSI_DEATH_Q06,[天使的询问] A是 1，Z是 26，对可爱美丽也是仙境传说英雄的Munak，把英文字母数字加起来会等于多少呢?
MSI_DEATH_Q07,[天使的询问] A是 1， Z是 26，我最宠爱的 Bongun，把英文字母数字加起来会等于多少呢?
MSI_DEATH_Q08,[天使的询问] A是 1， Z是 26，我们所存在的线上世界 Ragnarok，把英文字母数字加起来会等于多少呢?
MSI_DEATH_Q09,[天使的询问] A是 1， Z是 26，总是在 Online状态的天使伙伴们是我最大的支柱， 把Online英文字母数字加起来会等于多少呢?
MSI_DEATH_Q10,[天使的询问] A是 1， Z是 26，不怕死的骑士们象征他们的单字是 Death，把英文字母数字加起来会等于多少呢?
MSI_DEATH_Q11,[天使的询问] A是 1， Z是 26， 我认为骑士们很帅啊，把Knight英文字母数字加起来会等于多少呢?
MSI_DEATH_Q12,[天使的询问] A是 1，Z是 26， 代表著重力意思的单子 Gravity， 把英文字母数字加起来会等于多少呢?
MSI_DEATH_Q13,[天使的询问] A是 1， Z是 26，在黑暗里活的更明朗是很重要的，把Dark英文字母数字加起来会等于多少呢?
MSI_DEATH_Q14,[天使的询问] A是 1，Z是 26，不管什么东西都搜集的 Collector，把英文字母数字加起来会等于多少呢?
MSI_DEATH_R01,[天使的回答] 告诉那位少女正确的实事了，因而非常感谢你
MSI_DEATH_R02,[天使的回答]你是让人非常喜爱的人，让小女子有点感叹
MSI_DEATH_R05,[天使的回答] 让小女子有点失望了
MSI_DEATH_POINT,[POINT] 排行榜点数 %d 上升了 %d 已成为POINT了
MSI_POINT_SHOP,[%s]携带的 Point : %d Point
MSI_CONFIRM_SELECT_CHARACTERS,没选择到的角色就删除掉了，请问你要完成吗?
MSI_ERROR_SELECT_CHARACTERS,不能选择 9个以上
MSI_CONFIRM_TO_CHANGE_NAME,请问你要把角色名更改为 ''%s''吗?
MSI_CHANGE_NAME_SUCCESS,角色名已成功的更改了
MSI_CHANGE_NAME_FAILURE,角色名更改已失败了
MSI_CAN_BUY_ONLY_ONEITEM,一次只能购买一个种类的物品
MSI_NO_SELECT_CHARACTERS,没有选择到任何一个角色，一定要选择一个以上的角色
MSI_ALREADY_CHANGED_NAME,已经有更改过角色名，不能再更改了
MSI_NOTREGISTED_USER,使用者情报不正确
MSI_DUPLICATED_CHAR_NAME,其它使用者已先使用过这角色名了，请使用别的角色名
MSI_CANNOT_PARTYCALL,因没有队伍长的权限，所以不能召唤队伍员
MSI_NO_PARTYMEM_ON_THISMAP,在现在的地图里，不存在已召唤的队伍员
MSI_NOTFIND_BOSSMON,在此地区还没有看到 Boss级魔物的痕迹
MSI_APPEARANCE_TIME_OF_BOSSMON,Boss级魔物 ''%s''(甲)在 %d小时 %d分钟后会登场
MSI_SHOW_POSITION_OF_BOSSMON,Boss级魔物 ''%s'' 的位置会在小地图上显示
MSI_CONFIRM_TO_OPEN_CASH_ITEM,你要打开''%s''吗?  ^ff0000打开箱子后就不能取消或退费。^000000 开封后除储存仓库外不可移动，租赁物品也不能储存仓库。限定物品可交易和移动，即使重覆使用相同物品其效果也不会重叠
MSI_BUY_CASH_FAIL_NPC,因NPC不存在所以购买失败了
MSI_BUY_CASH_FAIL_SYSTEM,因部份收费系统没有正常的运作，所以造成购买失败了
MSI_BUY_CASH_FAIL_EXCHANGE,交换中不能购买物品
MSI_BUY_CASH_FAIL_ITEM_ID,因物品情报不清楚，所以造成购买失败了
MSI_ENST_STR,STR已提升了
MSI_DSST_STR,STR已回到原来的状态了
MSI_ENST_AGI,AGI已提升了
MSI_DSST_AGI,AGI已回到原来的状态了
MSI_ENST_VIT,VIT已提升了
MSI_DSST_VIT,VIT已回到原来的状态了
MSI_ENST_INT,INT已提升了
MSI_DSST_INT,INT已回到原来的状态了
MSI_ENST_DEX,DEX已提升了
MSI_DSST_DEX,DEX已回到原来的状态了
MSI_ENST_LUK,LUK已提升了
MSI_DSST_LUK,LUK已回到原来的状态了
MSI_ENST_AVOIDANCE,迴避率已提升了
MSI_DSST_AVOIDANCE,迴避率已回到原来的状态了
MSI_ENST_HIT,命中率已提升了
MSI_DSST_HIT,命中率已回到原来的状态了
MSI_ENST_CRITICALSUCCESSVALUE,必杀攻击机率已提升了
MSI_DSST_CRITICALSUCCESSVALUE,必杀攻击机率已回到原来的状态了
MSI_PLUSEXP,透过魔物狩猎所获得的经验值已增加了
MSI_DDEATHPENALTY,在30分钟内死亡时限 1次， 不会有掉经验值
MSI_RECEIVEITEM,透过魔物狩猎所获得的基本物品掉宝率，在30分钟期间内以2倍来增加，超黏掉宝则以15分钟期间内以3倍来增加，活动道具时间以道具叙述为主
MSI_BOSS_ALARM,在10分钟内，对在地图里可能出现的Boss级魔物以提供出情报
MSI_BUY_RECONFIRM,你确定要购买物品吗? 将会扣除%d点数
MSI_BUY_CASH_FAIL_MONEY,点数不够啊
MSI_NOTICE_TO_DELETE_TIME,^ff0000破坏丢弃的日期: %s^000000
MSI_NOTICE_TO_REMAIN_ITEMUSINGTIME,%s''可使用物品的时间还剩下 %d分钟
MSI_LAST_NOTICE_TO_REMAIN_ITEMUSINGTIME,"1分钟后, ''%s''物品会在物品栏里删除"
MSI_NOTICE_TO_DELETE_ITEM,%s''物品已经在物品栏里删除了
MSI_INPUT_NUMBER,Input Number
MSI_TIME_TYPE2,%m月 %d日 %H时 %M分
MSI_APPEARANCE_TIME_OF_BOSSMON2,BOSS级魔物''%s''即将登场
MSI_MER_SKILLLIST,佣兵技能目录
MSI_DA_EXP_ACCEPT,请问你要同意执行黑色魔力矿石 1个和百万金币消耗的魔法吗?
MSI_COLLECTOR_POINT,[POINT]因收集排行榜点数上升 %d 点，所以变成 %d 点了
MSI_COLLECTOR_MISSION,[收集排行榜] Target Item : %s
MSI_MER_FINISH,佣兵使用时间已到期了
MSI_MER_DIE,佣兵已经死亡了
MSI_MER_RETIRE,佣兵已被解雇了
MSI_MER_RUNAWAY,佣兵已逃跑了
MSI_NOTICE_TO_REMAIN_ITEMUSINGTIME2, ''%s''物品使用时间剩下 %d秒了
MSI_PCBANG_EVENT,【尊荣服务开通状态】经验值加成%d%%，死亡经验惩罚减少%d%%，掉宝率加成%d%%
MSI_LIMIT_CHAR_DELETE,请留意24小时后才能重新创角色
MSI_MER_USERAI_ON,佣兵用使用者人工智能来操作
MSI_MER_USERAI_OFF,佣兵用基本人工智能来操作
MSI_CHARACTER_NAME,%s先生/小姐的
MSI_ITEM_PICKUP_PARTY,%s先生/小姐 已获得了物品%s
MSI_VIEW_CHAT_MSG,显示公开聊天讯息
MSI_VIEW_WHISPER_MSG,显示悄悄话聊天讯息
MSI_VIEW_PARTY_MSG,显示队伍聊天讯息
MSI_VIEW_GUILD_MSG,显示公会聊天讯息
MSI_VIEW_GET_ITEM_MSG,获得物品 / 显示掉落讯息
MSI_VIEW_EQUIP_MSG,装备装载 / 显示解除讯息
MSI_VIEW_CHANGE_STATUS_MSG,显示状态异常讯息
MSI_VIEW_GET_ITEM_PARTY_MSG,显示队伍员的主要物品获得讯息
MSI_VIEW_CHANGE_STATUS_PARTY_MSG,显示队伍员的状态异常讯息
MSI_VIEW_FAIL_SKILL_MSG,显示技能使用失败讯息
MSI_VIEW_PARTY_SETUP_MSG,显示队伍设定讯息
MSI_VIEW_DAMAGED_EQUIP_MSG,显示装备损坏讯息
MSI_BATTLE_CHAT_WND_OPTION,显示战役情报 讯息视窗
MSI_POINT_SHOP_NHN,[%s]所拥有的HAN钱币 : %d HAN钱币
MSI_ST_CHAT,一般讯息
MSI_BT_CHAT,战役讯息
MSI_PHONE_CONFIRM,此帐号已被手机锁定而透过手机锁定，禁止登入
MSI_BOOK_READ,阅读
MSI_BOOK_AUTOREAD,自动朗读
MSI_BOOK_KEEP,册页
MSI_BOOK_PREV,前一页
MSI_BOOK_NEXT,下一页
MSI_BOOK_CLOSE,关闭
MSI_DAMAGED_EQUIP,%s 装备已损坏了
MSI_DAMAGED_EQUIP_PARTY,%s先生/小姐的 %s 损坏了
MSI_DAMAGED_WEAPON,武器
MSI_DAMAGED_BODY,铠甲
MSI_NOT_ENOUGH_SKILLLEVE5_2,技能等级不足，所以不能加入队伍
MSI_POINT_SHOP2,[%s]的免费点数 : %d 点
MSI_USE_FREE_POINT,使用免费使用
MSI_CASH,点数
MSI_SETTLE_WEB_URL_HANGAME,22
MSI_BAN_GRAVITY_MEM_AGREE,23
MSI_BAN_GAME_MEM_AGREE,24
MSI_BAN_HAN_VALID,25
MSI_BUY_RECONFIRM2,^ff0000购买本物品开封后就不能取消或退费。^000000你确定要购买物品吗? 将会扣除一般%d点数、免费%d点数
MSI_NOTIFY_PLAYTIME1,%d时间已经到了
MSI_NOTIFY_PLAYTIME2,已经过了%d小时 %d分钟
MSI_WARNING_MSG1,请结束游戏，经验值及所有东西都调整为50%
MSI_WARNING_MSG2,已进入到不健全的时间点了，请结束游戏，经验值及所有东西都调整为0%
MSI_QUESTWIN,任务目录
MSI_RO_SHOP,RO SHOP
MSI_MDUNGEON_SUBSCRIPTION_ERROR_UNKNOWN,记忆迷宫''%s''的预约失败了
MSI_MDUNGEON_SUBSCRIPTION_ERROR_DUPLICATE,记忆迷宫 ''%s''的预约因重复预约而失败了
MSI_MDUNGEON_SUBSCRIPTION_ERROR_RIGHT,记忆迷宫 ''%s''的预约因权限问题而失败了
MSI_MDUNGEON_SUBSCRIPTION_ERROR_EXIST,记忆迷宫 ''%s''的预约因重复申请创立而失败了
MSI_MDUNGEON_SUBSCRIPTION_CANCEL_FAIL,记忆迷宫 ''%s''的取消预约失败了
MSI_JOINMSG_REFUSE,对方拒绝加入队伍的邀请
MSI_INVITE_PARTY_REFUSE,拒绝所有加入队伍的邀请
MSI_INVITE_PARTY_ACCEPT,接受所有加入队伍的邀请
MSI_YOURITEM_EQUIP,装备后该物品即可永久持有，请问您要装备吗?
MSI_YOURITEM_EQUIPED,%s 物品已经永久持有了
MSI_BUY_TO_FREE_POINT,点数不足，请检查后再输入一次
MSI_REQ_JOIN_PARTY3,申请加入队伍
MSI_VIEW_SIEGE_INFO_MSG,显示攻城情报讯息
MSI_MDUNGEON_SUBSCRIPTION_CANCEL_SUCCESS,记忆迷宫 ''%s''的预约已取消
MSI_MDUNGEON_CREATE_FAIL,记忆迷宫 ''%s''创立失败，请再试一次
MSI_IMPOSSIBLE_SKILL_AREA,该技能无法在此处使用
MSI_IMPOSSIBLE_USEITEM_AREA,该物品无法在此处使用
MSI_MEMORIAL_DUN,记忆迷宫
MSI_MEMORIAL_DUN_WAITING,%s 等候中
MSI_MEMORIAL_DUN_READY,%s 开放进场
MSI_MEMORIAL_DUN_IN,%s 进行中
MSI_MEMORIAL_DUN_OUT1,由于未在规定时间内进场，因此记忆迷宫消失了
MSI_MEMORIAL_DUN_OUT2,请重新提出申请后才能使用
MSI_MEMORIAL_DUN_PRIORITY,等候顺序 : ^ff0000%d^000000
MSI_MEMORIAL_DUN_NOTIFY,^ff0000%s^000000 时间内未进场时所申请之迷宫就会删除
MSI_MEMORIAL_DUN_NOTIFY2,迷宫任务限制时间:
MSI_MEMORIAL_DUN_CANCEL,记忆迷宫已取消
MSI_MEMORIAL_DUN_LIVE_TIME_OUT,记忆迷宫因超过保留时间而取消了
MSI_MEMORIAL_DUN_ENTER_TIME_OUT,记忆迷宫因超过进场时间而取消了
MSI_MEMORIAL_DUN_DESTROY_REQUEST,记忆迷宫已删除
MSI_MEMORIAL_DUN_ERROR,记忆迷宫发生系统异常，请重新登入
MSI_FR_INVALID_SLOT,该栏位无法使用
MSI_FR_BASELVL,Base Level已超过15级了
MSI_FR_INVALID_JOBLV,Job Level已超过15级了
MSI_FR_JOB,由于该栏位的角色为商人职业，因此无法进行游戏
MSI_FR_MAP,稍后使用
MSI_FR_ERR_MKCHAR_INVALID_SLOT,该角色栏位无法制作
MSI_FR_ERR_DELCHAR_INVALID_SLOT,该角色无法删除
MSI_OPEN_EQUIPEDITEM_REFUSED,对方的装备视窗未开放
MSI_OPEN_EQUIPEDITEM_REFUSE,不开放装备视窗
MSI_OPEN_EQUIPEDITEM_ACCEPT,开放装备视窗
MSI_REQ_VIEW_OTHERUSER,查看(%s)的装备视窗
MSI_OTHERUSER_EQUIPED_ITEM,%s的装备物品
MSI_OPEN_EQUIPED_ITEM,开放装备视窗
MSI_NEED_PREMIUM_SERVICE,请利用奖励服务
MSI_FR_INVALID_MONEY,免服玩家最多可拥有50000金币
MSI_BATTLECHAT_ON,已是战场聊天状态
MSI_BATTLECHAT_OFF,取消战场聊天状态
MSI_MER_INFO_TYPE_MONSTER,佣兵情报－魔物类型
MSI_RO_MAP,查询全部地图
MSI_MEMORIAL_DUN_CLOSE,记忆迷宫关闭中
MSI_DELETE_MER,^ff0000^ff0000要删除佣兵了，^000000^000000 删除后所有资料都会删除
MSI_MEMORIAL_DUN_OPEN,记忆迷宫开放中
MSI_PHONE_BLOCK,此帐号尚未透过通讯安全锁解锁，请先拨打解锁专线(0800-893-131)再进行游戏。
MSI_BAN_PC_IP_LIMIT_ACCESS,已经超过一个IP来可登入的玩家数
MSI_QUESTGET,您已经接到新任务
MSI_FINDTEXT_TO_SKILLDES,^777777习得条件 : 
MSI_VIEW_SKILL_DESCRIPT,技能说明
MSI_APPLY_SKILL_UP,已使用过的技能点数不能恢复. 确定要使用吗?
MSI_1TABNAME_SKILLWND,初学者及一次职业
MSI_2TABNAME_SKILLWND,二次职业及转生职业
MSI_RE17,这是曾使用作弊软体或外挂的帐号，冻结结束时间 : : %s
MSI_RE18,侦测到执行作弊软体、使用外挂程式或有可能中了病毒，建议正常执行Client，希望大家一起维持乾净的游戏环境
MSI_WARNING_MSG3,现在是正常的游戏时段，请玩得开心，谢谢!
MSI_PLUSONLYJOBEXP,"通过打怪物可获得的Job经验值, 在30分钟时间增加为1.5倍，活动专用则增加为1.25倍."
MSI_PLUSEXP14532,"通过打怪物可获得的经验值, 在30分钟时间增加1.2倍."
MSI_PLUSEXP14533,"通过打怪物可获得的经验值, 在30分钟时间增加2倍."
MSI_PLUSEXP12312,"通过打怪物可获得的经验值, 在60分钟时间增加1.5倍."
MSI_NOPARTY,在此地图不可申请队伍
MSI_NOPARTY2,(%s) 您在于不能加入队伍的地图.
MSI_SIMPLE_CASH_SHOP,便利商城
MSI_SIMPLE_POINT_SHOP_NHN,携带总点数 : %d 点数
MSI_SIMPLE_POINT_SHOP,携带点数 : %d 点数
MSI_SIMPLE_POINT_SHOP2,免费点数 : %d 点数
MSI_MAIN_USER_CANONT_LOGIN_FREE_SERVER,本伺服器玩家是不能登入到免费伺服器
MSI_INVALID_ONETIMELIMIT,这是已经失效的密码，请重新登入
MSI_3TABNAME_SKILLWND,三次职业
MSI_USESKILL_FAIL_TOTARGET,不可使用此技能的对象.
MSI_USESKILL_FAIL_ANCILLA_NUMOVER,"因超过神秘水晶的携带数量, 不可使用技能"
MSI_USESKILL_FAIL_HOLYWATER,需要圣水
MSI_USESKILL_FAIL_ANCILLA,需要神秘水晶
MSI_USESKILL_FAIL_DUPLICATE_RANGEIN,一定的距离内不可重复
MSI_USESKILL_FAIL_NEED_OTHER_SKILL,"为了使用此技能, 需要其他技能"
MSI_NO_CHATTING,该地图上不能使用聊天功能
MSI_VET_3HOUR,超过3个小时
MSI_VET_5HOUR,超过5个消失
MSI_NPGAMEMON_ERROR_GAMEGUARD,游戏保安系统初始化异常或是游戏保安系统的旧版。请您从新下载安装档后实行游戏
MSI_NPGMUP_ERROR_PARAM,不存在ini 档案或伟造的档案。 请您从新下载安装档就可以啰
MSI_NPGG_ERROR_COLLISION,发现与游戏保安系统冲突到的程式
MSI_PROOF_ERROR,"非正常客户端, 请使用正品客户端"
MSI_MOBILE_LOCKSERVER,请拨打通讯安全锁专线#+
MSI_FAILED_MOBILE_LOCKSERVER,通讯安全锁认定失败
MSI_USESKILL_FAIL_NEED_HELPER,一人不可使用此技能
MSI_USESKILL_FAIL_INVALID_DIR,此技能只能在特定方向可用
MSI_USESKILL_FAIL_SUMMON,不可再召唤
MSI_USESKILL_FAIL_SUMMON_NONE,不存在召唤出来的球体
MSI_USESKILL_FAIL_IMITATION_SKILL_NONE,不存在可使用的模仿技能
MSI_USESKILL_FAIL_DUPLICATE,此技能不可重复使用
MSI_USESKILL_FAIL_CONDITION,陷入不可使用技能的状态
MSI_PICKUP_MAXCOUNT_LIMIT,已经超过物品别最大携带数量，无法再拿取任何道具
MSI_NPK_ERROR_NOTADMIN,没有GM权限，程式的最初执行请以GM权限来执行
MSI_NPK_ERROR_DRIVERVERSION,nProtect KeyCrypt驱动程式版本不符，系统请重开机后重新执行
MSI_NPK_ERROR_VERIFYVERSION,WindowXP以相容模式执行中，目前已将相容模式从程式里移除，请重新启动程式
MSI_DETECT_PS2KEYLOGGER,侦测到PS/2 键盘测录器
MSI_DETECT_USBKEYLOGGER,USB键盘驱动程示侦测到外挂攻击
MSI_DETECT_HHDUSBH,侦测到 HHD监测工具
MSI_USESKILL_FAIL_PAINTBRUSH,需要涂料笔.
MSI_USESKILL_FAIL_II_SURFACE_PAINTS,需要表面涂料.
MSI_USESKILL_FAIL_POS,在制定之位不能使用技能.
MSI_USESKILL_FAIL_HELPER_SP_INSUFFICIENT,补助人员的SP不足
MSI_BAN_OVER_CHARACTER_LIST,选角视窗的角色超出%d个时无法登入游戏，请删除不需要的角色
MSI_USESKILL_FAIL_II_NECK_CANDY,需要喉糖
MSI_USESKILL_FAIL_II_MISERABLE_TEAR,需要伤心泪水
MSI_USESKILL_FAIL_II_PROTECT_NECK_CANDY,需要喉糖
MSI_USESKILL_FAIL_GC_WEAPONBLOCKING,只能与武器抵御来搭配使用
MSI_USESKILL_FAIL_GC_POISONINGWEAPON,需要涂十字斩首者的武器
MSI_USESKILL_FAIL_MADOGEAR,只能在搭乘魔导战甲时使用
MSI_USESKILL_FAIL_II_VULCANBULLET,需要火神弹
MSI_USESKILL_FAIL_II_FUELGAS,需要魔导战甲燃料
MSI_USESKILL_FAIL_II_COLDSLOWERBULLET,需要液体冷却弹
MSI_USESKILL_FAIL_CANONBALL,请装填加农炮弹
MSI_USESKILL_FAIL_II_MADOGEAR_ACCELERATION,请装备魔导战甲加速器
MSI_USESKILL_FAIL_II_MADOGEAR_HOVERING_BOOSTER,请装备悬停助推器
MSI_TOXIN,[麻醉之毒]的毒效果已实装在武器上了
MSI_PARALYZE,[麻痹之毒]的毒效果已实装在武器上了
MSI_VENOMBLEED,[衰弱之毒] 的毒效果已实装在武器上了
MSI_MAGICMUSHROOM,[狂笑之毒] 的毒效果已实装在武器上了
MSI_DEATHHURT,[污染之毒] 的毒效果已实装在武器上了
MSI_PHYREXIA,[热病之毒] 的毒效果已实装在武器上了
MSI_OBLIANCURSE,[失忆之毒] 的毒效果已实装在武器上了
MSI_RICHEND,[吸血之毒] 的毒效果已实装在武器上了
MSI_USESKILL_FAIL_MADOGEAR_HOVERING,只能在悬停下使用
MSI_USESKILL_FAIL_II_MADOGEAR_SELFDESTRUCTION_DEVICE,请装备自爆器
MSI_USESKILL_FAIL_II_MADOGEAR_SHAPESHIFTER,请装备形态转换器
MSI_USESKILL_FAIL_GUILLONTINE_POISON,需要十字斩首者的毒
MSI_USESKILL_FAIL_II_MADOGEAR_COOLING_DEVICE,请装备冷却器
MSI_USESKILL_FAIL_II_MADOGEAR_MAGNETICFIELD_GENERATOR,请装备磁场生成器
MSI_USESKILL_FAIL_II_MADOGEAR_BARRIER_GENERATOR,请装备防护罩生成器
MSI_USESKILL_FAIL_II_MADOGEAR_OPTICALCAMOUFLAGE_GENERATOR,请装备伪装生成器
MSI_USESKILL_FAIL_II_MADOGEAR_REPAIRKIT,请装备修复工具组
MSI_USESKILL_FAIL_II_MONKEY_SPANNER,需要活动扳手
MSI_SKILLINTERVAL2,无法施展[%s]技能
MSI_LEMIT_DELETE_LEVEL,%d等级以上无法删除
MSI_USESKILL_FAIL_MADOGEAR_RIDE,搭乘魔导战甲时无法使用
MSI_DRAGONOFF,解除龙
MSI_MADOOFF,解除魔导战甲
MSI_STORE_TABNAME_0,消耗
MSI_STORE_TABNAME_1,商城
MSI_STORE_TABNAME_2,防具
MSI_STORE_TABNAME_3,武器
MSI_STORE_TABNAME_4,投掷
MSI_STORE_TABNAME_5,卡片
MSI_STORE_TABNAME_6,其他
MSI_ERROR_HS_TIMEOUT,"超过客户端的回应时间, 而与伺服器断线"
MSI_ERROR_DIFF_CLIENT,HackShield 档案版本不符，请重新安装客户端
MSI_USESKILL_FAIL_SPELLBOOK,需要魔法书
MSI_USESKILL_FAIL_SPELLBOOK_DIFFICULT_SLEEP,"魔法书难以理解, 挨困"
MSI_USESKILL_FAIL_SPELLBOOK_PRESERVATION_POINT,点数不足
MSI_USESKILL_FAIL_SPELLBOOK_READING,不能再念魔法书
MSI_USESKILL_FAIL_II_FACE_PAINTS,需要人体颜料
MSI_USESKILL_FAIL_II_MAKEUP_BRUSH,需要美容笔
MSI_MOBILE_TIMEOVER,"超过等待时间, 重新登入一下"
MSI_MOBILE_ANOTHER_LOGIN,"危险! 在线上已有同样的帐号. 请你暂停手机锁认定, 改密码重登一下"
MSI_MOBILE_WAITING_STATE,"危险! 已有同样的帐号正在进行手机锁认定. 请你暂停手机锁认定, 改密码重登一下"
MSI_ESC_OPTIONWND,游戏选择视窗
MSI_GRAPHIC_OPTIONWND,画质设定
MSI_SOUND_OPTIONWND,影响设定
MSI_HOTKEYWND_NOTICE1,要按将变更的快捷键或者按''ESC''进行移除
MSI_HOTKEYWND_NOTICE2,此键不能指定单一键
MSI_HOTKEYWND_NOTICE3,不可设定之键
MSI_HOTKEYWND_NOTICE4,"与\''%s\''重复之键, 要变更吗?"
MSI_HOTKEYWND_NOTICE5,"您所指定的快捷键变成初始化, 确定要进行吗?"
MSI_HOTKEYWND_TAB1,技能快捷键
MSI_HOTKEYWND_TAB2,介面设定
MSI_HOTKEYWND_TAB3,表情符号设定
MSI_HOTKEYWND_TITLE,快捷键设定视窗
MSI_BGM,背景音乐
MSI_SOUND,效果音乐
MSI_SKIN,外框画面
MSI_TINGONLY_ON,聊天室入场音On
MSI_TINGONLY_OFF,聊天室入场音Off
MSI_EXPLAIN_TINGONLY,/tingonly : 只能听到聊天室入场音
MSI_EMOTION_ROCK,/石头
MSI_EMOTION_SCISSOR,/剪刀
MSI_EMOTION_WRAP,/布
MSI_EMOTION_LUV,/爱
MSI_EMOTION_MOBILE,/mobile
MSI_EMOTION_MAIL,/mail
MSI_EMOTION_ANTENNA0,/antenna0
MSI_EMOTION_ANTENNA1,/antenna1
MSI_EMOTION_ANTENNA2,/antenna2
MSI_EMOTION_ANTENNA3,/antenna3
MSI_EMOTION_HUM2,/hum
MSI_EMOTION_ABS,/abs
MSI_EMOTION_OOPS,/oops
MSI_EMOTION_SPIT,/spit
MSI_EMOTION_ENE,/ene
MSI_EMOTION_PANIC,/panic
MSI_EMOTION_WHISP,/whisp
MSI_HOTKEY_NOTHING,不指定
MSI_USESKILL_FAIL_CART,只在装备手推车时可以使用.
MSI_USESKILL_FAIL_II_THORNS_SEED,需要[荆棘种子].
MSI_USESKILL_FAIL_II_BLOOD_SUCKER_SEED,需要[吸血肿子].
MSI_USESKILL_FAIL_NO_MORE_SPELL,不能再咏唱.
MSI_USESKILL_FAIL_II_BOMB_MUSHROOM_SPORE,需要[炸弹香菇帽].
MSI_USESKILL_FAIL_II_GASOLINE_BOOMB,需要[火烟瓶].
MSI_USESKILL_FAIL_II_OIL_BOTTLE,需要[油瓶].
MSI_USESKILL_FAIL_II_EXPLOSION_POWDER,需要[炸药粉].
MSI_USESKILL_FAIL_II_SMOKE_POWDER,需要[烟幕粉].
MSI_USESKILL_FAIL_II_TEAR_GAS,需要[催泪瓦斯].
MSI_USESKILL_FAIL_II_HYDROCHLORIC_ACID_BOTTLE,需要[盐酸瓶].
MSI_USESKILL_FAIL_II_HELLS_PLANT_BOTTLE,需要[噬人植物瓶].
MSI_USESKILL_FAIL_II_MANDRAGORA_FLOWERPOT,需要[曼陀罗魔花盆].
MSI_YIELD_PARTYMASTER,队伍长委任
MSI_DO_YOU_REALLY_WANT_YIELD_PARTYMASTER,您确定委任队伍长吗?
MSI_CANNOT_YIELD_PARTYMASTER,不能委任队伍长
MSI_FAILED_CHANGE,不可变更
MSI_USESKILL_FAIL_NEED_ITEM,[%s]需要 %d个
MSI_ITEM_REFINING_DOWNGRADE,精练数值降低
MSI_USESKILL_FAIL_NEED_EQUIPMENT,装备[%s] 之后才可以用
MSI_BATTLEFIELD_LIST,战场入场设定
MSI_CANNOT_JOINTO_BATTLEFIELD,"因为遇到不能移到% 战场的状况, 所以申请被取消了."
MSI_COMPLETED_JOINTO_BATTLEFIELD,No Msg_3
MSI_DIFFER_JOINTO_BATTLEFIELD,"% 战场入场保留, 要等其他玩家."
MSI_STATUS_JOINTO_BATTLEFIELD,No Msg_4
MSI_REQ_CANCEL_JOINTO_BATTLEFIELD,确定取消%s 战场申请吗?
MSI_CANCEL_JOINTO_BATTLEFIELD,%s 战场入场申请取消完成
MSI_MOVETO_BATTLEFIELD,"等侯移动到 %s 战场. 为了空间移动, 要确定安全状态(交易以及其他空间移动暂停)"
MSI_BATTLEFIELD_NAME,战场名称
MSI_MOVETO_SAVEPOINT,确定要移动吗
MSI_VIEW_SEEK_PARTY,寻找队伍人讯息
MSI_UNVIEW_SEEK_PARTY,寻找队伍人讯息功能尚未开启
MSI_SEEK_PARTY_DEALY,队伍支援有10秒之间的延迟时间
MSI_NOTIFY_PARTY_ROLE_MASTER,队伍长是 ''%s'' 
MSI_ERROR_SYSTEM_ERROR_BATTLEFIELD,"发生系统错误, 无法入场"
MSI_ERROR_FULL_ESROOM_BATTLEFIELD,"等待人数超过, 不可入场"
MSI_ERROR_DOUBLE_OFFER_BATTLEFIELD,已申请完毕
MSI_ERROR_WAIT_TIMEOUT_BATTLEFIELD,"超过等待时间, 登录被取消了"
MSI_ERROR_BATTLEFILD_ENTER_BATTLEFIELD,"不符合入场条件, 登录被取消了"
MSI_ERROR_DROP_ENTRANCESTATION_BATTLEFIELD,"发生错误, 登录被取消了"
MSI_USESKILL_FAIL_COMBOSKILL,需要[%s]的联系技能
MSI_USESKILL_FAIL_COMBOSKILL2,需要特定机能联系
MSI_USESKILL_FAIL_SPIRITS,需要%d 个气球体
MSI_USESKILL_FAIL_SPIRITS2,需要气球体
MSI_RUNESTONE_MAKEERROR_OVERCOUNT,不能制作超过最大携带量的卢恩
MSI_ERROR_LIST_OPEN_BATTLEFIELD,"不能接受战场目录, 请你确认之后再进行一下"
MSI_ERROR_LEVEL_LIMIT_BATTLEFIELD,"因等级不够, 不可入场."
MSI_UPGRADESKILLERROR_MORE_FIRSTJOBSKILL,1转职业技能再提高 %d个.
MSI_UPGRADESKILLERROR_MORE_SECONDJOBSKILL,1转或者2转职业技能再提高 %d个.
MSI_ITEMSYOUCANCHANGE,可变换的物品
MSI_ITEMS_FOR_CHANGE,将要变换之物
MSI_SKILL_RECIPE_NOTEXIST,不能变换的组合
MSI_SKILL_INVENTORY_WEIGHT_OVER,物品栏过重
MSI_SKILL_INVENTORY_KINDCNT_OVER,物品栏需要空间
MSI_SKILL_MATERIAL_FAIL,无材料
MSI_SKILL_SUCCESS,成功
MSI_SKILL_FAIL,失败
MSI_SKILL_FAIL_MATERIAL_DESTROY,"失败, 所有的材料一起消失了"
MSI_FAILED_CHANGE_TABNAME,"因为输入的名字太长, 改名失败"
MSI_FAILED_ADD_TAB,不能再加
MSI_FAILED_LOCKSERVER,认证失败
MSI_BOT_CHECK,图形检查
MSI_SKILL_FAIL_MATERIAL_IDENTITY,尚未做鉴定之物不可使用材料
MSI_BAN_IP_BLOCK,该IP无法登入游戏，请洽询客服
MSI_BAN_INVALID_PWD_CNT,输入6次错误密码而暂时无法登入，请再次确认密码是否无误
MSI_MIX_ACCEPT,"在合成时用过的物品会被消耗,不介意吗?"
MSI_BOT_CHECK_NOTIC,请输入左边的文字和数字
MSI_DESCRIBE_BATTLEFIELD,战场说明 - 
MSI_BATTLEFIELD_STATUS,入场等待 - 
MSI_BATTLEFIELD_HELP,战场入场申请说明
MSI_BAN_NOT_ALLOWED_JOBCLASS,对不起，该职业的角色目前为了做测试而禁止登入。
MSI_REMOVE_EQUIPEDITEM,解除所有装备
MSI_MINI_ICON,小型图示
MSI_BATTLEFIELD_TEAM,阵营A : 阵营 B
MSI_WAIT_STATUS,等候状态
MSI_NOTIFY_BATTLEFIELD_CANCEL,提醒取消战场申请
MSI_BATTLEFIELD_COUNT,战场所需人数
MSI_BATTLEFIELD_ATEAM_COUNT,战场 A 等候人数
MSI_BATTLEFIELD_BTEAM_COUNT,战场 B 等候人数
MSI_BATTLEFIELD_ATEAM_WAIT,我的等候情况: %d (阵营A)
MSI_BATTLEFIELD_BTEAM_WAIT,我的等候情况: %d (阵营B)
MSI_SHOW_BATTLEFIELD_ICON,显示战场图示
MSI_DONT_SHOW_BATTLEFIELD_ICON,不显示战场图示
MSI_NOTIFY_BATTLEFIELD_MOVE,提醒战场移动
MSI_NOTIFY_BATTLEFIELD_DEFER,提醒保留进入战场
MSI_WHO_IS,有人
MSI_I_RECEIVED_DAMAGE,从 [%s]遭受了''%d''的伤害
MSI_PARTY_RECEIVED_DAMAGE,[%s]被[%s]遭受了''%d''的伤害
MSI_I_GAVE_DAMAGE,向[%s]给予''%d''的伤害
MSI_PARTY_GAVE_DAMAGE,[%s]向[%s]给予''%d''的伤害
MSI_DROP_ITEM,掉落%s %d 个
MSI_CLEAR_QUEST_MONSTER,消灭了[%s]任务的[%s]怪物。 (%d/%d)
MSI_DELETE_QUEST,%s任务删除
MSI_NOTIFY_WHO,[%s]您
MSI_NOTIFY_EXP,%d''经验值
MSI_NOTIFY_JOBEXP,%d''的职业经验值
MSI_GET,获得
MSI_LOSS,损失
MSI_NOTIFY_STEAL_COIN,从 [%s]偷窃了 ''%d''钱
MSI_VIEW_COMBAT_MSG,战斗讯息
MSI_VIEW_PARTY_COMBAT_MSG,队员战斗讯息
MSI_VIEW_GETTING_EXP_MSG,获得经验值
MSI_VIEW_PARTY_GETTING_EXP_MSG,队员的获得经验值
MSI_VIEW_QUEST_INFO_MSG,标示任务资讯
MSI_VIEW_BATTLEFIELD_INFO_MSG,标示战场资讯
MSI_NOTIFY_TARGET_WHO,向[%s]
MSI_NOTIFY_SKILL_TO_TARGET,使用[%s]技能
MSI_LOCK_MOUSE,技能限制状态
MSI_UNLOCK_MOUSE,技能限制解除状态
MSI_BROADCASTING_SPECIAL_ITEM_OBTAIN,[%s]从[%s]获得了''%s''
MSI_JOB_SWORDMAN,剑士
MSI_JOB_MAGICIAN,魔法师
MSI_JOB_ARCHER,弓箭手
MSI_JOB_ACOLYTE,服事
MSI_JOB_MERCHANT,商人
MSI_JOB_THIEF,盗贼
MSI_JOB_KNIGHT,骑士
MSI_JOB_PRIEST,祭司
MSI_JOB_WIZARD,巫师
MSI_JOB_BLACKSMITH,铁匠
MSI_JOB_HUNTER,猎人
MSI_JOB_ASSASSIN,刺客
MSI_JOB_CRUSADER,十字军
MSI_JOB_MONK,武道家
MSI_JOB_SAGE,贤者
MSI_JOB_ROGUE,流氓
MSI_JOB_ALCHEMIST,鍊金术师
MSI_JOB_BARD,吟游诗人
MSI_JOB_DANCER,舞孃
MSI_JOB_RUNE_KNIGHT,卢恩骑士
MSI_JOB_WARLOCK,咒术士
MSI_JOB_RANGER,游侠
MSI_JOB_ARCHBISHOP,大主教
MSI_JOB_MECHANIC,机械工匠
MSI_JOB_GUILLOTINE_CROSS,十字斩首者
MSI_JOB_ROYAL_GUARD,皇家禁卫队
MSI_JOB_SORCERER,妖术师
MSI_JOB_MINSTREL,宫廷乐师
MSI_JOB_WANDERER,浪姬舞者
MSI_JOB_SURA,修罗
MSI_JOB_GENETIC,基因学者
MSI_JOB_SHADOW_CHASER,魅影追蹤者
MSI_JOB_SWORDMAN_H,进阶剑士
MSI_JOB_MAGICIAN_H,进阶魔法师
MSI_JOB_ARCHER_H,进阶弓箭手
MSI_JOB_ACOLYTE_H,进阶服事
MSI_JOB_MERCHANT_H,进阶商人
MSI_JOB_THIEF_H,进阶盗贼
MSI_JOB_KNIGHT_H,骑士领主
MSI_JOB_PRIEST_H,神官
MSI_JOB_WIZARD_H,超魔导师
MSI_JOB_BLACKSMITH_H,神工匠
MSI_JOB_HUNTER_H,神射手
MSI_JOB_ASSASSIN_H,十字刺客
MSI_JOB_CRUSADER_H,圣殿十字军
MSI_JOB_MONK_H,武术宗师
MSI_JOB_SAGE_H,智者
MSI_JOB_ROGUE_H,神行太保
MSI_JOB_ALCHEMIST_H,创造者
MSI_JOB_BARD_H,搞笑艺人
MSI_JOB_DANCER_H,冷豔舞姬
MSI_JOB_NOVICE,初学者
MSI_JOB_NOVICE_H,进阶初学者
MSI_JOB_SUPERNOVICE,超级初学者
MSI_JOB_GUNSLINGER,神枪手
MSI_JOB_NINJA,忍者
MSI_JOB_TAEKWON,跆拳少年少女
MSI_JOB_STAR,拳圣
MSI_JOB_LINKER,悟灵士
MSI_SEEK_PARTY_MEMBER,招募队伍
MSI_SEEK_PARTY_LIST,队伍预约清单
MSI_SEEK_PARTY_CHECK,队伍招募中
MSI_FAIL_NEED_EQUIPPED_BOW,需要装备[弓]的状态
MSI_FAIL_NEED_EQUIPPED_INSTRUMENT_WHIP,需要装备[乐器/ 鞭子]的状态
MSI_BAD_CHAR,限用英文及数字
MSI_ALRAM,提醒
MSI_FAIL_BUY_ITEM_INVALID_MCSTORE,因商店资讯不明确而购买物品失败了
MSI_CAN_DROP_ITEM_TO_ITEMWND,持有物品可在视窗丢弃
MSI_TIME,时间
MSI_MAP,地图
MSI_CANT_USE_WHEN_OPENED_EXCHANGEWND,在交易状态下无法使用物品及装备配戴/解除
MSI_HOTKEY_UNKOWN,未指定值
MSI_EXPLAIN_STATEINFO,/stateinfo :显示状态图示的相关说明。 On Off
MSI_SHOW_STATEINFO_ON,状态资讯 ON : 开启状态图示的相关说明
MSI_SHOW_STATEINFO_OFF,状态资讯 OFF : 关闭状态图示的相关说明
MSI_LIMIT_BUY_ITEM2,相同物品一次无法购买 %d 个以上
MSI_LIMIT_SELL_ITEM,相同物品一次无法贩售 %d 个以上
MSI_CAN_BUY_ITEM_NUM,该物品的可购买总数是 %d 
MSI_SAVE_HOTKEY_TO_FILE,设定的内容在正常结束时储存在 %s\\%s]
MSI_CHARACTER_IS_BUSY,[%s] 目前是无法申请交换的情况
MSI_RO_HELP,RO_HELP
MSI_HAVENOT_ANVIL,没有铁砧
MSI_WHISPER_BLOCK_NOVICE_LEVEL10,10级以下的初心者无法发送悄悄话
MSI_JOB_ATTACKER,攻击
MSI_JOB_TANKER,防御
MSI_JOB_HEALER,恢复
MSI_JOB_ASSISTANCE,辅助
MSI_DESCRIBE_PARTY_BOOKING,队伍招募相关指令
MSI_GUILD_ALLY_REQUEST_DISABLE,无法申请加入公会同盟
MSI_GUILD_HOSTILE_REQUEST_DISABLE,无法申请公会敌对
MSI_FRIEND_ADD_FALSE_AGIT,在据点地图上无法加入好友
MSI_BUYINGSTORE_MAKEWND_TITLE,开设商店
MSI_BUYINGSTORE_MAKEWND_PRICE,购买价格：
MSI_BUYINGSTORE_MAKEWND_MYZENY,持有金额：
MSI_BUYINGSTORE_MAKEWND_LIMITZENY,收购上限
MSI_BUYINGSTORE_MAKEWND_ADDITEM,未登记想要购买的物品，请登记想要购买的物品。
MSI_BUYINGSTORE_MAKEWND_INPUTPRICE,请输入%s物品的价格
MSI_BUYINGSTORE_MAKEWND_REINPUTPRICE,请输入%s物品的价格，限9999万金币以内。
MSI_BUYINGSTORE_MAKEWND_INPUTNUM,请输入%s物品的购买数量
MSI_BUYINGSTORE_MAKEWND_REINPUTNUM,%s物品持有量和购买数量的总和已超过9999个，请输入总和在9999个以下的数量。
MSI_BUYINGSTORE_MAKEWND_DUPLICATEITEM,已有重复的物品
MSI_BUYINGSTORE_MAKEWND_INPUTLIMITZENY,请输入购买限额
MSI_BUYINGSTORE_MAKEWND_REINPUTLIMITZENY,输入的限制金额超出持有金额，请重新设定。
MSI_BUYINGSTORE_MAKEWND_ITEMLIST,%s  :  %s  金币 => %s EA
MSI_BUYINGSTORE_MIRRORBUYITEMLIST,可以购买的物品清单
MSI_BUYINGSTORE_MYSHOPWND_TITLE,我的商店
MSI_BUYINGSTORE_MYSHOPWND_LIMITZENY,收购上限：%s 金币
MSI_BUYINGSTORE_MYSHOPWND_ITEMINFO,%s %s 金币 %d个
MSI_BUYINGSTORE_SHOPWND_TITLE,商店
MSI_BUYINGSTORE_MIRRORSELLWND_TITLE,可以出售的物品清单
MSI_BUYINGSTORE_SELLWND_LIMITNUM,该物品的可出售总数是 %d个
MSI_BUYINGSTORE_SELLWND_LACKBUYERZENY,已超过了商店的最大贩卖金额。
MSI_BUYINGSTORE_OPEN_FAILED,开设商店失败
MSI_BUYINGSTORE_OVERWEIGHT,物品的总重量超过 %d 的持有上限，请重新设定。
MSI_BUYINGSTORE_TRADE_OVERLIMITZENY,已购买了限制金额以内的物品
MSI_BUYINGSTORE_TRADE_BUYCOMPLETE,已购买了所有物品
MSI_BUYINGSTORE_TRADE_LACKBUYERZENY,买方的余额不足，交易失败。
MSI_BUYINGSTORE_TRADE_SELLCOMPLETE,将%s %d个出售给了%dz
MSI_BUYINGSTORE_TRADE_OVERCOUNT,%s物品多于慾购数量，无法出售。
MSI_USESKILL_FAIL_EL_SUMMON,没有召唤的精灵
MSI_AGAINSTSERVERSIEGEWARFARE_RESTRICTION,伺服器联合大战限制条款
MSI_OTP_MUST_6_CHAR,OTP密码是6位数
MSI_DB_ERROR,未找到OTP资讯，请向管理员咨询。
MSI_OTP_FAILED,OTP认证失败
MSI_PARTY_BOOKING_NOTIFY,新增了队伍广告
MSI_PARTY_BOOKING_REQURT,招募队员中
MSI_PARTY_BOOKING_TYPE,角色作用
MSI_PARTY_BOOKING_TYPE_1,1转职业
MSI_PARTY_BOOKING_TYPE_2,2转职业
MSI_PARTY_BOOKING_TYPE_3_1,3-1转职业
MSI_PARTY_BOOKING_TYPE_3_2,3-2转职业
MSI_PARTY_BOOKING_TYPE_1PLUS,转生1转职业
MSI_PARTY_BOOKING_TYPE_2PLUS,转生2转职业
MSI_PARTY_BOOKING_TYPE_ETC,其他职业群
MSI_PARTY_BOOKING_REQURTING,招募
MSI_PARTY_BOOKING_REQURT_TIP,招募队员
MSI_PARTY_BOOKING_SEARCH,搜寻中 -
MSI_PARTY_BOOKING_ALL_SELECT,全选
MSI_PARTY_BOOKING_ERR1,至少必须招募一个职业
MSI_PARTY_BOOKING_ERR2,至少必须选择1个职业
MSI_PARTY_BOOKING_ERR3,选择的职业为%d个，最多可选择6个职业。
MSI_PARTY_BOOKING_ERR4,等级栏中不能输入数字以外的文字
MSI_PARTY_BOOKING_ERR5,请在等级栏中输入1~150的数字
MSI_DISABLE_COSTUMEITEM_MAP,在此地图上无法看到服装装备
MSI_CANNOT_EQUIP_ITEM_LEVEL,您不符合使用道具的等级
MSI_CANNOT_USE_ITEM_LEVEL,您目前等级不符合该物品的使用等级
MSI_CHATMODE_ONOFF,聊天状态OnOff开启
MSI_OVER_TABSIZE,聊天视窗开关
MSI_SET_CHATINFO,视窗显示资料
MSI_SELL,贩卖
MSI_BUY,购买
MSI_SEARCH_STOREINFO,商店搜寻
MSI_STORE_NAME,商店名称
MSI_SEARCH_ITEM_COUNT,数量
MSI_SEARCH_ITEM_PRICE,单价
MSI_SSI_FAILED_OVER_MAXCOUNT,"搜寻结果过多, 请您输入详细一点的搜寻名称"
MSI_OPEN_SEARCH_STORE,要开启该商店吗?
MSI_SSO_FAILED,SSO认证失败
MSI_ZONE_MOVE_FAIL,目前不能移动到该地区
MSI_SEARCH_INCLUDED,搜寻包括此词语的物品
MSI_WITHDREW_USERS,27
MSI_DIDNOT_AGREE,28
MSI_ACCOUNT_DOESNOT_EXIST,29
MSI_AGE_RESTRICTIONS,30
MSI_ACCOUNT_BLOCK,31
MSI_BUG_BLOCK,32
MSI_PLUSEXP75,"通过打怪物可获得的Base, Job经验值, 在30分钟时间增加75%"
MSI_PLUSEXP50,"通过打怪物可获得的Base, Job经验值, 在30分钟时间增加50%"
MSI_FAIL_OPEN_STORE,舞贩卖(采购)资料.
MSI_SSI_FAILED_SEARCH_CNT,无法再搜寻.
MSI_SSI_FAILED_ITEM_DOES_NOT_EXIST,很抱歉，无法找到此词语的相关结果。
MSI_SSI_FAILED_LIMIT_SERACH_TIME,还不能搜寻
MSI_SSI_TOOLTIP_OF_SERACHING_THE_CARD,请输入卡片名称或者名字最前面(最后面)一个子
MSI_SSI_REST_OF_NUMBER_OF_SEARCHES,剩下的可搜寻次数 : %d
MSI_SSI_FAILED_SEARCH_STORE,没有搜寻成功的露摊
MSI_SSI_FAILED_PRICE_ISNOT_VALID,物品单价范围有错
MSI_GENERAL_EQUIPMENT,一般装备
MSI_COSTUME_EQUIPMENT,服装装备
MSI_MINUTE,分
MSI_SECOND,秒
MSI_SSI_FAILED_ENTER_THE_NAME_OF_ITEM,请输入物品名称
MSI_SSI_FAILED_NAME_OF_ITEM_DOES_NOT_EXIST,不存在此物品
MSI_NOT_EXIST_ENTRYMAP,不存在可以进入的地图
MSI_SSI_FAILED_NAME_OF_CARD_DOES_NOT_EXIST,不存在该卡片的头语(尾语).
MSI_CASH_FAILED_TOTAL_CNT,在一次可以采购的物品种类为10种.
MSI_CASH_FAILED_BUY_SOME,部分物品采购失败
MSI_ENTER_PEOPLE_BIRTH,请输入6位数的出生年月日 (例:600422)
MSI_RESULT_FAIL_UNKNOWN,发生了不明的错误
MSI_RESULT_FAIL_DATABASE,资料库发生错误
MSI_RESULT_FAIL_GUILD,要移除角色的话先要退出公会.
MSI_RESULT_FAIL_PARTY,要移除角色的话先要退出队伍.
MSI_RESULT_FAIL_CONFIGURATION,此为系统设定，无法删除
MSI_RESULT_FAIL_DATE,不是可删除的时间
MSI_RESULT_FAIL_BIRTH,出生年月日错误
MSI_USESKILL_FAIL_RELATIONGRADE,亲密度不足.
MSI_USESKILL_FAIL_STYLE_CHANGE_FIGHTER,仅在转换型态-战士情况下使用
MSI_USESKILL_FAIL_STYLE_CHANGE_GRAPPLER,仅在?转换型态-格斗士情况下使用
MSI_PARTY_REGISTRATION_FAILED,队伍登录失败
MSI_PARTY_SEARCH_FAILED,没有搜寻条件相关的内容
MSI_PARTY_AD_DELETE_FAILED,广告删除失败
MSI_PARTY_NOT_EXIST_AD,查无符合您条件之广告而失败
MSI_REFUSE_SSO_NOT_PAY_USER,查无付费资讯
MSI_SCREENSHOT_FOR_EXCHANGE,"交换时, 拍下来画面图"
MSI_SCREENSHOT_FOR_EXCHANGE_CHARNAME,[交易_%s]
MSI_NOTIFY_NEO_INSURANCE_ITEM_USE,因阵亡新免掉啪券自动消耗
MSI_TALK,对话
MSI_MACRO_DUPLICATE,不可重复使用
MSI_MACRO_POSTDELAY,使用限制
MSI_MACRO_NOT_POSTDELAY,没有使用限制
MSI_SSO_ERROR_MSG,因不明原因而登入失败，请洽客服
MSI_REFUSE_SSO_AUTH_INVALID_TOKEN,连接情报认定失败
MSI_REFUSE_SSO_AUTH_INVALID_USER,您是尚未註册的使用者
MSI_REFUSE_SSO_AUTH_INVALID_AGE,因有年龄限制而无法登入
MSI_NC_BUY,购买
MSI_NC_BLANK,取消
MSI_NC_FIRSTPAGE,第一页
MSI_NC_LASTPAGE,最后一页
MSI_NC_CAT1,人气商品
MSI_NC_CAT2,转蛋
MSI_NC_CAT3,道具
MSI_NC_CAT4,租赁装备
MSI_NC_CAT5,头饰Ⅰ
MSI_NC_CAT6,头饰Ⅱ
MSI_NC_CAT7,武器
MSI_NC_CAT8,防具
MSI_NC_COST,售价
MSI_NC_NUM,数量
MSI_NC_COUNT,个
MSI_NC_FREECASH,免费点数 : %s P
MSI_NC_CASH,携带点数 : %s P
MSI_CALLMONSTER_FAIL_AREA,该地区不可召唤魔物
MSI_BUY_CASH_FAIL2,免费点数使用额度超过全部金额了
MSI_MACRO_SAVE_DATA,所设定之内容会储存于[SaveData_ExMacro%d]
MSI_ITEM_REUSE_LIMIT_SECOND,约 %d 秒后可使用
MSI_FAIL_NEED_EQUIPPED_SPEAR,必须为装备[枪]状况下
MSI_USESKILL_FAIL_DRAGON,限骑龙时使用
MSI_OVER_CONNECT_USER,伺服器人数已超过上限而无法登入
MSI_AUTHENTICATE,尚未完成实名任认证，将前往实名任认证页面
MSI_SELECT_SAVESLOT,请选要储存的栏位
MSI_BROADCASTING_SPECIAL_ITEM_OBTAIN2,"%s, 恭喜你获得了''%s''！"
MSI_NOTUSE_GROOMY,忧郁状态下无法使用
MSI_BUYINGSTORE_OVERFLOW_MONEY,购买物品的总金额已超过了角色拥有的最高金额
MSI_PREVENT_PARTY_JOIN,目前地图不可加入队伍
MSI_PREVENT_PARTY_LEAVE,目前地图不可退出队伍
MSI_PREVENT_PARTY_EXPEL,目前地图不可驱逐队伍
MSI_SDO_REALNAME,实际名字
MSI_SDO_ID_NUMBER,身份证号吗
MSI_SDO_EMAIL,Email
MSI_SDO_WRONG_VALUE,输入内容错误
MSI_MCSTORE_FAIL_SELLER_MONEY_GIVE,对方角色超出最大金币持有量而无法交易
MSI_INVALID_CLASS,职业错误
MSI_INVALID_GENDER,性别错误
MSI_SUCCESS_AUTHENTICATE,玩家资讯认证成功
MSI_INVALID_REALNAME,姓名错误，请重新输入
MSI_INVALID_IDNUMBER,身份证号码错误，请重新输入
MSI_INVALID_AUTHENTICATE,发生不明错误，请稍后重试
MSI_CANNOT_ATTACK_IN_RIDING_STATE,坐骑状态时无法攻击
MSI_CANNOT_USE_SKILL_IN_RIDING_STATE,坐骑状态时无法施展技能
MSI_STORE_PASSWORD_4_6,密码要4码以上
MSI_SECOND_PASSWORD_LOGIN_SUCCESS,成功进行二次密码认证
MSI_SECOND_PASSWORD_MAKE_SUCCESS,成功生成二次密码
MSI_SECOND_PASSWORD_DEL_SUCCESS,删玩二次密码
MSI_SECOND_PASSWORD_EDIT_SUCCESS,修正二次密码
MSI_SECOND_PASSWORD_LOGIN_FAILED,您输入错误的密码(剩下%d次)
MSI_SECOND_PASSWORD_MAKE_FAILED,创造二次密码失败
MSI_SECOND_PASSWORD_DEL_FAILED,删掉二次密码失败
MSI_SECOND_PASSWORD_EDIT_FAILED,修正二次密码失败
MSI_SECOND_PASSWORD_EDIT_RESTRICT_PW,您输入的密码无法使用
MSI_SECOND_PASSWORD_EDIT_PERSONALNUM_PW,无法使用身份证号码
MSI_SECOND_PASSWORD_MAKE_DUPLICATED_PW,已存在的密码
MSI_SECOND_PASSWORD,二次密码
MSI_SECOND_PASSWORD_INPUT,为帐号的保安，建议设定二次密码
MSI_SECOND_PASSWDRD_NOT_AVAILABLE_SUCCESS,不使用二次密码
MSI_SECOND_PASSWDRD_NOT_AVAILABLE_FAILED,使用二次密码的设定失败
MSI_SECOND_PASSWDRD_AVAILABLE_SUCCESS,使用二次密码。下次开始会套用上去
MSI_SECOND_PASSWDRD_AVAILABLE_FAILED,使用二次密码的设定失败
MSI_SECOND_PASSWORD_INFO_1,为了保护帐号。额外设定密码。
MSI_SECOND_PASSWORD_INFO_2,请您透过滑鼠使用下方的数字键盘设定四位密码
MSI_SECOND_PASSWORD_INFO_3,您输入的密码错误3次而关闭游戏。
MSI_MACRO_ITEM,道具
MSI_MACRO_SKILL,技能
MSI_MACRO_TACTIC,战略
MSI_MACRO_ETC,其他
MSI_MACRO_COMBAT,战斗时
MSI_MACRO_NON_COMBAT,非战斗时
MSI_MACRO_BUFF,辅助道具设定
MSI_MACRO_AUTO_EQUIPED,自动换装（次后开放）
MSI_MACRO_1ST_ATTACK,第一波攻击技能
MSI_MACRO_ATTACK,普通攻击技能
MSI_MACRO_NEXT_ATK_TIME,下一次攻击时间 : 
MSI_MACRO_WHEN_DIED,死亡时
MSI_MACRO_WHEN_INVITED_PARTY,遇到邀请组队时
MSI_MACRO_PICKUP_ITEM,捡取物品设定
MSI_MACRO_OVERWEIGHT,负重超过85%时
MSI_BUSY,请进行（与NPC对话、制作...）结束后再进行
MSI_PLUSONLYJOBEXP2,通过打败怪物获得的job经验值在 %d份内增加%.2f倍
MSI_MACRO_SAVE,自动练功脚本%d
MSI_MACRO_SAVE_DATA2,设定事项储存在[%s]
MSI_SECOND_PASSWORD_LEVEL,保安等级
MSI_RESULT_FAIL_CHAR_DELETE,加入队伍或工会的状态下不可删除角色
MSI_USESKILL_FAIL_NEER_WALL,限于墙壁或物体附近使用
MSI_SEEK_PARTY_SET,%s : 等级 %d %s 组队
MSI_FAIELD_RIDING_OVERLAPPED,骑乘时鞭绳物品不可使用
MSI_USESKILL_FAIL_NEED_EXP_1PERCENT,该技能需要 1%的经验值
MSI_EXP_MSG,经   验   值 : 
MSI_DROP_MSG,掉   宝   率 : 
MSI_DEATH_MSG,阵亡处罚 : 
MSI_BASIC_EXP_MSG,%d%% (网咖 %d%% + TPLUS %d%% + 尊荣%d%% + %s伺服器 %d%%)
MSI_USESKILL_FAIL_CHORUS_SP_INSUFFICIENT,施展合唱技能的队员之SP量不足
MSI_CHARACTER_IS_OVER_COUNT,因对方角色的物品持有种类和总量超过上限而无法交易
MSI_CHARACTER_IS_EACHITEM_OVER_COUNT,因对方角色的该物品持有总量超过上限而无法交易
MSI_PURCHASE_FAIL_EACHITEM_COUNT,因该物品的持有总量超过上限而无法购买
MSI_PARTY_FAILED_TIMEOUT,广告登录等候中
MSI_UNEXCEPTION_MSG1ST,请将下列档案和文字内容依序向\r\n RO官网 -> 客服 -> 询问!\r\n
MSI_INGAMBA_BILLING_ZSVR_ERROR,金流系统发生了错误(%d)
MSI_CASH_FAILED_RUNE_OVERCOUNT,因卢恩物品持有数超过上限而购买失败
MSI_CASH_FAILED_EACHITEM_OVERCOUNT,个别物品数超过上限而购买失败
MSI_CASH_FAILED_UNKOWN,因不明错误而购买失败
MSI_CASH_FAILED_BUSY,请稍候再试!
MSI_USESKILL_FAIL_NEED_EQUIPMENT_KUNAI,限装备飞刀物品状态下才能使用
MSI_SEEK_PARTY_LEVEL_HELP,请输入最低等级
MSI_FAILED_GET_ITEM_FROM_ZONEDA,不可向准它NPC领取虚宝，请确认是否有足够的空间。
MSI_USESKILL_FAIL_SIZE,该技能限攻城战时使用
MSI_USESKILL_FAIL_TOTARGET_PLAYER,该技能限玩家使用
MSI_CAN_NOT_EQUIP_ITEM_FORBID,禁止配戴下无法装备
MSI_USESKILL_FAIL_THERE_ARE_NPC_AROUND,目前位置下无法创商店及聊天室
MSI_REPLAY_ELAPSEDTIME,Elapsed time: %d:%d:%d / %d:%d:%d
MSI_REPLAY_SPEED1_4,Speed : X 1/4 
MSI_REPLAY_SPEED1_2,Speed : X 1/2 
MSI_REPLAY_SPEED1,Speed : X 1   
MSI_REPLAY_SPEED2,Speed : X 2   
MSI_REPLAY_SPEED4,Speed : X 4   
MSI_REPLAY_SPEED8,Speed : X 8   
MSI_REPLAY_SPEED16,Speed : X 16  
MSI_REPLAY_SPEEDUNKNOWN,Speed : 无
MSI_REPLAY_CHRVICEINFO,Service Info : %s
MSI_REPLAY_CHARACTERNAME,Character Name : %s
MSI_REPLAY_MAPNAME,Map Name : %s
MSI_REPLAY_RECORDTIME,Record Time: %d-%01d-%01d %d: %02d: %02d
MSI_REPLAY_PLAYTIME,Play Time: %02d: %02d: %02d
MSI_REPLAY_NOREPLAYFILE,No Replay File.
MSI_REPLAY_SERVERNOMATCH,Server No Matching
MSI_REPLAY_REPLAYOPTIONSETTING,Replay Option Setting
MSI_REPLAY_ENTERTHEFILENAME,请输入档名。
MSI_REPLAY_SETREPLAYSAVEDATA,Set Replay Save Data
MSI_REPLAY_SETRECOPTION,Set Rec Option
MSI_REPLAY_GAGEPOS1,%.1f %% Pos?:%d:%d:%d
MSI_REPLAY_GAGEPOS2,%.1f %% Pos?:不可移动
MSI_REPLAY_START,Start
MSI_REPLAY_STOP,Stop
MSI_REPLAY_START2,Input FileName -> Start
MSI_REPLAY_OPENOPTION,Open Option
MSI_REPLAY_CLOSEOPION,Close Option
MSI_REPLAY_END,End
MSI_REPLAY_TIME,Time
MSI_REPLAY_PARTYFRIEND,队伍&好友
MSI_REPLAY_CHAT,聊天
MSI_REPLAY_SHORTCUTS,快速键
MSI_REPLAY_AUTOMATICFILENAME,自动生成档名
MSI_REPLAY_CHECKINGFILE,检查档案重复与否
MSI_REPLAY_THESAMEFILEEXISTS,相同档案已存在
MSI_REPLAY_RECORDSTART,Record Start
MSI_REPLAY_RECORDEND, is Saved.
MSI_WEIGHT,Weight : %3d / %3d
MSI_TOTAL,Total : %s C
MSI_FAIL_NEED_EQUIPPED_SYURIKEN,限装备[飞镖]状态下
MSI__BASIC_MSG_BASE,Base Lv. %d
MSI__BASIC_MSG_JOB,Job Lv. %d
MSI_BASIC_MSG_ZENY,Zeny : %s
MSI_GRAPHIC_MSG_TRILINEAR,三线过滤
MSI_GRAPHIC_MSG_ATTACK,attack
MSI_GRAPHIC_MSG_SKILL,skill
MSI_GRAPHIC_MSG_ITEM,item
MSI_GRAPHIC_MSG_NOCTRL,NoCtrl
MSI_GRAPHIC_MSG_BATTLE,战场
MSI_CHARACTER_MSG_CHARACTERTOTALSLOT,(Character/Total Slot)
MSI_CHARACTER_MSG_PREMIUMSERVICE,Premium Service
MSI_CHARACTER_MSG_PREMIUM,Premium 
MSI_CHARACTER_MSG_SERVICE,Service
MSI_CHARACTER_MSG_BILLINGSERVICE,Billing Service
MSI_CHARACTER_MSG_BILLING,Billing 
MSI_MSG_COMMANDLIST,Command List
MSI_SEEK_PARTY_LEVEL,LEVEL
MSI_SEEK_PARTY_MAP,MAP
MSI_SEEK_PARTY_JOB,JOB
MSI_MSG_NOTAVAILABLE,Not Available
MSI_MSG_SUPERNOVICE_CHOPOKGI_CAPPEDLEVEL,[守护天使的保护] 限封顶后才能使用
MSI_CHANGE_CHARACTER_SLOT,确定要移动吗?
MSI_CHANGE_CHARACTER_SLOT_FAILED,角色栏位移动失败了
MSI_CHARACTERNAME_ERROR,角色名称错误
MSI_QUEST_DISPLAY_ONOFF,任务浏览视窗
MSI_SHUTDOWN_ALERT_MSG,依防沉迷规定，午夜0时 ~ 凌晨6时为止未满16岁者禁止使用。
MSI_BAN_SHUTDOWN_TEENAGER,依防沉迷规定，午夜0时 ~ 凌晨6时为止^ff0000未满16岁者禁止使用^000000，即将中断游戏。
MSI_FAILED_RENAME_BELONGS_TO_GUILD,变更角色名称之前需先退出公会
MSI_FAILED_RENAME_BELONGS_TO_PARTY,变更角色名称之前需先退出队伍
MSI_FAILED_RENAME_UNKOWN,因不明错误角色名称变更失败了
MSI_CHARSLOT_CHANGE_DUPLICATE,角色栏位可变更(%d)
MSI_CHARNAME_CHANGE_DUPLICATE,角色名称可变更(%d)
MSI_FAILED_RENAME_OVER_LENGTH,因角色名称长度超过上限而变更失败了
MSI_FAILED_RENAME_PREVENTNAM,因角色名称里禁文字而变更失败了
MSI_FAILED_RENAME_FORBIDDEN,因角色名称为禁止变更而失败了
MSI_COMPLETE_HUNTING_QUEST,完成
MSI_PLUSEXP_VALUE, %d分钟内经验值增加 %d%%
MSI_PARTY_RECALL_TIME,到招唤时间还剩%02d秒
MSI_PARTY_RECALL_INFO,队长招唤你到%s (%s) ，招唤时会消耗 %d zeny。
MSI_RECALL_TARGET,招唤对象
MSI_PARTY_BLACKLIST,封锁名单
MSI_PARTY_CF_PAY,登录队伍广告需消耗1000金币
MSI_PARTY_CF_PAY_SHORTAGE_COST,登录队伍广告所需金币不足
MSI_PARTY_ADD_OK,) 队伍加入成功
MSI_PARTY_ADD_REFUSES,) 队伍加入失败
MSI_PARTY_ITEM_VIEW,) 浏览装备视窗
MSI_SEEK_PARTY_MEMO_HELP,限输入中文18个字，英文36个单字以内。
MSI_PARTY_REQUEST,支援
MSI_DIRECT_CHAT,1:1对话
MSI_ADD_BLACKLIST,封锁
MSI_PARTY_RECRUIT_NOT_RECALL_PAY,被队长招唤的金币不足
MSI_PARTY_RECRUIT_MEMO_ERROR,请在备註栏上登录组队广告
MSI_PARTY_RECRUIT_ERROR,限队长才能登录组队广告
MSI_PARTY_REFUSE_ERROR,已支援之登录广告
MSI_PARTY_RECRUIT_INFO,内容
MSI_INVENTORY_TABNAME_1,装备
MSI_INVENTORY_TABNAME_3,个人
MSI_ITEM_DROP_LOCK,物品丢弃锁定
MSI_PARTY_RECRUIT_ALRAM,搜寻队伍提醒
MSI_CREATE_PARTY,组队
MSI_WITHDRAW_PARTY,退出队伍
MSI_INVITE_PARTY,邀请加入队伍
MSI_PUT_PARTY_NAME_IN,登录队名
MSI_PUT_PLAYER_NAME_IN,被邀请之角色名称
MSI_CHARACTER_PARTY_INVITATION_TO_JOIN,邀请%s加入队伍
MSI_CHARACTER_REJECT_PARTY_INVITATION,拒绝加入队伍
MSI_CHARACTER_ACCEPT_PARTY_INVITATION,同意加入队伍
MSI_PARTY_RECRUIT_ERROR1,已经在招募队伍中
MSI_PARTY_RECRUIT_ERROR2,与之前的搜寻条件相同
MSI_CHARNAME_CHANGE_FILED_GUILDMEMBER,限退出公会后使用
MSI_CHARNAME_CHANGE_FILED_PARTYMEMBER,限退出队伍后使用
MSI_PARTY_RECRUIT_RECALL_ERR1,要招唤的玩家不在可以招唤的地图上
MSI_PARTY_RECRUIT_RECALL_ERR2,队长在的地图上无法招唤
MSI_PARTY_RECRUIT_RECALL_ERR3,拒绝招唤
MSI_PARTY_RECRUIT_RECALL_ERR4,不可招唤
MSI_YOU_ARE_NOT_PARTYMASTER,限队长才能邀请加入队伍
MSI_NC_ITEM_SEARCH,请输入要搜寻的请输入 :
MSI_PLEASE_PUT_CHARACTER_NAME_IN,请输入请输入
MSI_PLEASE_PUT_PARTY_NAME_IN,请输入队伍名称
MSI_GUILD_HELPER,公会小帮手
MSI_NO_GUILD_CURRENTLY_PARTICIPATED_IN,没有加入中的公会
MSI_CREATE_GUILD,创公会
MIS_PUT_GUILD_NAME_IN,公会名称
MIS_GUILD_TIP,创公会小帮手
MIS_GUILD_SYSTEM,何谓公会系统?
MSI_PLEASE_PUT_GUILD_NAME_IN,请输入公会名称
MSI_PARTY_RECRUIT_REFUSE_VOLUNTEER,被支援的公会拒绝了
MSI_SERVICESELECT,选项
MSI_SHOW_MAPNAMETITLE,可脱逃的地区
MSI_REPLAY_STR_REPLAYFILELIST,Replay File List
MSI_REPLAY_STR_FILEINFO,File info
MSI_REPLAY_STR_FILELIST,File List
MSI_NOT_MOVEABLE_TRADE,%s 物品不得交易
MSI_GUILD_DISBAND,解散公会
MSI_PUT_DISBAND_GUILDNAME,解散的公会名称
MSI_JOINGUILD_NOTEXIST_USER,该角色未登入或不存在
MSI_FAILED_SET_EFFECT_BIRD,呼叫猎鹰失败
MSI_BASIC_EXP_MSG_BRZ,%d%% ( 基本 100%% + 尊荣 %d%% + %s伺服器 %d%% )
MSI_JOINGUILD_TARGET_USER_IN_SIEGEMAP,该玩家正在参与攻城战中
MSI_PARTY_MASTER_CHANGE_SAME_MAP,限于相同地图上才能变更队长
MSI_CANNOT_PARTY_MASTER_CHANGE_IN_MAP,目前所在地是无法变更队长
MSI_ROYAL_CHIKENOFF,骑乘停止
MSI_TIME_TYPE3,%d月 %d日 %d时 %d分 %d秒
MSI_JOINGUILD_REQ_USER_IN_SIEGEMAP,目前正在参与攻城战而无法邀请公会
MSI_BATTLEFIELD_MSG_REQUEST_JOINWAIT,你已申请等候进入战场
MSI_BATTLEFIELD_MSG_FULL,人数已满
MSI_BATTLEFIELD_MSG_UNKNOWN_NAME,该战场名称不存在
MSI_BATTLEFIELD_MSG_UNKNOWN_TYPE,该申请类型不存在
MSI_BATTLEFIELD_MSG_MAXOVER,已超过人数上限
MSI_BATTLEFIELD_MSG_JOIN_NOTLEVEL,进场等级不符
MSI_BATTLEFIELD_MSG_JOIN_OVERLAP,已重复申请
MSI_BATTLEFIELD_MSG_RESTART,请重登后再申请
MSI_BATTLEFIELD_MSG_NOTJOB,职业不符
MSI_BATTLEFIELD_MSG_JOIN_ONLYBOSS,限队长或公会会长才可申请
MSI_BATTLEFIELD_MSG_BUSY_PARTYMEMBER,目前有队员正在使用战场而无法申请
MSI_BATTLEFIELD_MSG_CANCEL_JOINWAIT,取消等候进入战场
MSI_BATTLEFIELD_MSG_WRONG_NAME,错误的战场名称
MSI_BATTLEFIELD_MSG_NOTRANK,没有排入等候进入战场顺序
MSI_BATTLEFIELD_MSG_FAIL_CHOICE,你选择的战场目前因不能使用而取消了等候
MSI_BATTLEFIELD_MSG_CANCEL_JOIN,进入战场已取消
MSI_BATTLEFIELD_MSG_DOYOU_JOIN,你要进入战场吗?
MSI_BATTLEFIELD_HELP1,申请进入战场系统
MSI_BATTLEFIELD_HELP2,目前无法申请进入和前往战场
MSI_BATTLEFIELD_HELP3,1.不能同时申请各类战场。
MSI_BATTLEFIELD_HELP4,2.不能同时申请个人/队伍/公会战场。
MSI_BATTLEFIELD_HELP5,3.限队长才能申请队伍战场，
MSI_BATTLEFIELD_HELP6,已离线的队员不会排入行列中。
MSI_BATTLEFIELD_HELP7,4.虽然申请战场除了战场地图以外的地方皆可申请，
MSI_BATTLEFIELD_HELP8,不过进入的位置不是村落、原野、一般密穴而若要返城时会移动至角色记点的座标上。
MSI_BATTLEFIELD_HELP9,5.有关战场的奖励和其他服务请透过位于各村落的战场募兵官到战场等候室使用吧!
MSI_BATTLEFIELD_HELP10,申请进入战场小帮手
MSI_BATTLEFIELD_START,%s战场要开始了
MSI_BATTLEFIELD_DOYOU_MOVE,你要返回战场吗?
MSI_BATTLEFIELD_WARNINGMSG1,[注意]
MSI_BATTLEFIELD_WARNINGMSG2,目前的位置若非村落、原野或一般密穴时，
MSI_BATTLEFIELD_WARNINGMSG3,战场结束后会返回
MSI_BATTLEFIELD_WARNINGMSG4,储存的位置上。
MSI_BATTLEFIELD_WAIT_PLAYER,正在等候其他人的邀请结果
MSI_BATTLEFIELD_REQUEST_JOIN,申请进入战场
MSI_BATTLEFIELD_WAITTIME_D,同意等候时间:%d 秒
MSI_BATTLEFIELD_STATE_JOINWAIT,等候进入状态
MSI_BATTLEFIELD_NAME_S,战场名称: %s
MSI_BATTLEFIELD_MEMBER_D,战场规定人数%d
MSI_BATTLEFIELD_MYRANK_D,我的等候顺序: %d 
MSI_BATTLEFIELD_DP_TITLE,名称 :
MSI_BATTLEFIELD_DP_AIM,目标 :
MSI_BATTLEFIELD_DP_MEMBER,战场人数架构:
MSI_BATTLEFIELD_DP_REQUIRED,参与条件:
MSI_BATTLEFIELD_DP_WIN,奖励(胜) :
MSI_BATTLEFIELD_DP_DRAW,奖励(平手) :
MSI_BATTLEFIELD_DP_LOSS,奖励(败) :
MSI_BATTLEFIELD_DOYOU_SINGLE,你是以个人申请战场的吗?
MSI_BATTLEFIELD_DOYOU_PALTY,你是以队伍申请战场的吗?
MSI_BATTLEFIELD_DOYOU_GUILD,你是以公会申请战场的吗?
MSI_BATTLEFIELD_LIST2,战场目录
MSI_BATTLEFIELD_D_VS_D,%d VS %d
MSI_BATTLEFIELD_LEVELDOWN_D,Base LV %d 以下
MSI_BATTLEFIELD_LEVELUP_D,Base LV %d 以上
MSI_BATTLEFIELD_LEVEL_D_D,Base LV %d ~ %d
MSI_BATTLEFIELD_LIMITLESS,无限制
MSI_BATTLEFIELD_MSG_NOT_JOINMAP,[不能在该地图上申请]
MSI_BATTLEFIELD_MSG_WAIT_1MM,[到重新申请战场还剩1分钟的等候时间]
MSI_BATTLEFIELD_MSG_PLZ_PALTYJOIN,[请先加入队伍]
MSI_BATTLEFIELD_MSG_NOT_PALTYBOSS,[限队长才能申请]
MSI_BATTLEFIELD_MSG_OVER_PARTYMEMBER,[登入的队员数已超额]
MSI_BATTLEFIELD_MSG_PLZ_GUILDJOIN,[请先加入公会]
MSI_BATTLEFIELD_MSG_NOT_GUILDBOSS,[限公会会长才能申请]
MSI_BATTLEFIELD_MSG_OVER_GUILDMEMBER,[登入的公会会员数已超额]
MSI_RESERVE_CHANGE_CHARACTER_SLOT,预约移动
MSI_CHARACTER_SLOT_CHANGE,移动
MSI_CHANGE_CHARACTER_NAME,变更名称
MSI_MSG_MAKECHARCTER,Make Character
MSI_UAE_URL,http://ro.gnjoy.com.tw/
MSI_UAE_SERVERSTR,(%s) Server
MSI_MERGE_ITEM,物品合併(全选Ctrl+点击)
MSI_SELECT_ITEM_TO_MERGE,请选择2个以上相同种类的物品
MSI_MERGE_ITEM_SUCCESS,物品合併已成功
MSI_MERGE_ITEM_FAILED_NOT_MERGE,物品合併每次限一种
MSI_MERGE_ITEM_FAILED_MAX_COUNT,物品数量已超过30000个了
MSI_CHARACTER_LEFT_ROLL,左转
MSI_CHARACTER_RIGHT_ROLL,右转
MSI_VIEW_BEFORE_WORLDINFO,查阅(%s)玩家先前伺服器的资讯
MSI_VIEW_BEFORE_WORLDINFO_TITLE,现有伺服器资讯
MSI_VIEW_BEFORE_SERVERINFO,^ff0000现有伺服器 : ^0000ff
MSI_VIEW_BEFORE_CHARNAME,^ff0000现有角色名称 : ^0000ff
MSI_MONSTER_HP_ON,会标示所攻击的怪物之HP
MSI_MONSTER_HP_OFF,不会标示所攻击的怪物之HP
MSI_MERGE_ITEM_FAILED_NOT_EXIST,可合併之物品不存在
MSI_NOT_EXIST_MERGE_ITEM,可合併之物品不存在
MSI_QUESTUI_TAB_PROCESS,进行中
MSI_QUESTUI_TAB_HOLD,保留中
MSI_QUESTUI_TAB_BEST,推荐
MSI_QUESTUI_TAB_EPISODE,EP
MSI_QUESTUI_TAB_LOCAL,本地
MSI_QUESTUI_TAB_EVENT,活动
MSI_QUESTUI_TAB_NEW,新
MSI_QUESTUI_HUNTMONSTER,猎物
MSI_QUESTUI_REWARDITEM,奖励物品
MSI_QUESTUI_NEEDITEM,必须物品
MSI_QUESTUI_TIMELIMIT,限时
MSI_QUESTUI_CLOSINGTIME,结束时间
MSI_NAVIGATION_SEARCH,搜寻
MSI_NAVIGATION_TARGETGO,目标指引
MSI_NAVIGATION_ROUTEINFO,路径资讯
MSI_NAVIGATION_SEARCHINFO,搜寻资讯
MSI_NAVIGATION_VIEWCHANGE,变更浏览模式
MSI_NAVIGATION_LIGHTCHANGE,载入座标书签
MSI_NAVIGATION_END,结束
MSI_NAVIGATION_BASE,变更为基本UI
MSI_NAVIGATION_MINI,变更为简易UI
MSI_NAVIGATION_HELP,求助
MSI_NAVIGATION_ALL,ALL
MSI_NAVIGATION_MAP,Map
MSI_NAVIGATION_NPC,Npc
MSI_NAVIGATION_MOB,Mob
MSI_NAVIGATION_SETSTRING,设定搜寻单字 (Ex: 单字 单字 ...
MSI_NAVIGATION_SCROLL,Scroll
MSI_NAVIGATION_USESCROLL,实装使用洞穴瞬间移动卷轴
MSI_NAVIGATION_SERVICE,Service
MSI_NAVIGATION_USESERVICE,允许位置移动服务
MSI_NAVIGATION_PLANE,Plane
MSI_NAVIGATION_USEPLANE,套用飞空艇移动
MSI_NAVIGATION_TARGETUNKNOWN,>> 目标资讯无法阅览!
MSI_NAVIGATION_GOING,<< 指引中 >>
MSI_NAVIGATION_SEARCHING,<< 搜寻中... >>
MSI_NAVIGATION_UN,-----------
MSI_NAVIGATION_NAVI,Navigation
MSI_NAVIGATION_SEARCHRESULT_D,== 搜寻结果(%d)==
MSI_NAVIGATION_NPC_S_S,Npc)%s:%s
MSI_NAVIGATION_MOB_S_S,Mob)%s:%s
MSI_NAVIGATION_MAP_S,Map)%s
MSI_NAVIGATION_RESULTINFO,======== 搜寻资讯 ==========
MSI_NAVIGATION_LENGTH,距离   : %d Sell %d WarpMove
MSI_NAVIGATION_TARGETMAP_S_S,目标地图: %s(%s)
MSI_NAVIGATION_TARGET_S_D_D,"目标   : %s(%d, %d)"
MSI_NAVIGATION_BOSS,BOSS
MSI_NAVIGATION_NORMAL,一般
MSI_NAVIGATION_TARGET_S_S,目标   : %s(%s)
MSI_NAVIGATION_TARGET_D_D,"目标: (%d, %d)"
MSI_NAVIGATION_GOINFO,======= 路径指引资讯 =======
MSI_NAVIGATION_ITEM_S_S,%2d) Item:%s => %s 使用!
MSI_NAVIGATION_D_S_D_D_D_D,"%2d) %s(%d,%d)=>(%d,%d)"
MSI_NAVIGATION_E_D_S_D_D_D_D,"E%2d) %s(%d,%d)=>(%d,%d)"
MSI_NAVIGATION_E_D_S,E%2d) %s
MSI_NAVIGATION_GOEXIT,指引中! 你要结束吗?
MSI_NAVIGATION_HELPTITLE,导航求助
MSI_NAVIGATION_HELP1,------------------- 指令 --------------------
MSI_NAVIGATION_HELP2,1./navigation
MSI_NAVIGATION_HELP3,  ex)/navi prontera 100/100 -> 地图名称 100/100
MSI_NAVIGATION_HELP4,2./navigation2
MSI_NAVIGATION_HELP5,  ex)/navi2 prontera 100/90 1/1/1 -> 地图名称 100/90 scrool/zeny/plane (1:使用 0:不使用)
MSI_NAVIGATION_HELP6,"-> 地图名称、位置(100 90), scrool/ zeny/ plane (1:使用 0:不使用)"
MSI_NAVIGATION_HELP7,※/navi2的情况时务必要贴上位置座标并输入3个字
MSI_NAVIGATION_HELP8,3.UI中搜寻$$all
MSI_NAVIGATION_HELP9,4.UI中搜寻$$lv30
MSI_NAVIGATION_HELP10,5.UI中搜寻$$lv20~30
MSI_NAVIGATION_HELP11,-------------------  说明  --------------------
MSI_NAVIGATION_HELP12,1.搜寻种类分为全部、地图、NPC、怪物
MSI_NAVIGATION_HELP13,2.请用指令搜寻。规则是想要搜寻的包含字串的所有资讯都会显示
MSI_NAVIGATION_HELP14,  ex) 搜寻结果为普隆德拉的卡普拉
MSI_NAVIGATION_HELP15,3.在清单里选择项目时会显示资讯
MSI_NAVIGATION_HELP16,  若有显示目标时，只要点击指引键就会引导至目标的路线。
MSI_NAVIGATION_HELP17,4.scrool/ zeny/ plane 确认箱子可快速指引路径
MSI_NAVIGATION_HELP18,5.按下指引键时，结果视窗就会变为指引路径视窗。
MSI_NAVIGATION_HELP19,6.利用搜寻视窗下方的按键，
MSI_NAVIGATION_HELP20, [结果视窗] <-> [指引路径视窗]，两者可切换。
MSI_NAVIGATION_LEVEL_D_BOSS,Level:%d (BOSS)
MSI_NAVIGATION_LEVEL_D_NORMAL,Level:%d (一般)
MSI_NAVIGATION_PROPERTY1,水属性%d
MSI_NAVIGATION_PROPERTY2,地属性%d
MSI_NAVIGATION_PROPERTY3,火属性%d
MSI_NAVIGATION_PROPERTY4,风属性%d
MSI_NAVIGATION_PROPERTY5,毒属性%d
MSI_NAVIGATION_PROPERTY6,圣属性%d
MSI_NAVIGATION_PROPERTY7,暗属性%d
MSI_NAVIGATION_PROPERTY8,念属性%d
MSI_NAVIGATION_PROPERTY9,不死属性%d
MSI_NAVIGATION_PROPERTY0,无属性%d
MSI_NAVIGATION_SCALE1,中型
MSI_NAVIGATION_SCALE2,大型
MSI_NAVIGATION_SCALE0,小型
MSI_NAVIGATION_RACE1,不死系
MSI_NAVIGATION_RACE2,动物系
MSI_NAVIGATION_RACE3,植物系
MSI_NAVIGATION_RACE4,昆虫系
MSI_NAVIGATION_RACE5,鱼贝系
MSI_NAVIGATION_RACE6,恶魔系
MSI_NAVIGATION_RACE7,人类系
MSI_NAVIGATION_RACE8,天使系
MSI_NAVIGATION_RACE9,龙族
MSI_NAVIGATION_RACE0,无形系
MSI_NAVIGATION_MOVECLICK,%s 点击移动
MSI_NAVIGATION_NPCMOVE,Npc 使用移动服务
MSI_NAVIGATION_NPCCLICK,NPC 点击
MSI_NAVIGATION_S_MOVE,%s 前往
MSI_NAVIGATION_PLANEMOVE,前往飞空艇
MSI_NAVIGATION_WARPUSE,使用传送
MSI_NAVIGATION_TARGETPOINT_D_D,目的地: ( %d %d )
MSI_NAVIGATION_UNKNOWNMAP,该区域不支援导航
MSI_NAVIGATION_RS_UNKNOWN,搜寻的目标不明确
MSI_NAVIGATION_RS_NOTSAMEMAP,不符的地图
MSI_NAVIGATION_RS_FAILSTARTDATA,设定出发地的资讯失败!
MSI_NAVIGATION_RS_FAILTARGET,设定目的地的资讯失败!
MSI_NAVIGATION_RS_FAILROUTE,搜寻路经失败
MSI_NAVIGATION_RS_FAILPLAYER,搜寻玩家位置失败
MSI_NAVIGATION_RS_NODATA,搜寻目前地图移动路径失败
MSI_NAVIGATION_RS_MAPNOTNAVIGATION,该地图不支援搜寻路径
MSI_NAVIGATION_RS_FAILTARGETROUTE,请指定目标
MSI_NAVIGATION_RS_SUCCESS,已到达
MSI_NAVIGATION_RS_START,指引路径已开始
MSI_NAVIGATION_RS_MOBTARGETMAP,该地图上有所搜寻的怪物
MSI_NAVIGATION_RS_TARGETMAP,该地图为所搜寻的地图
MSI_NAVIGATION_RS_SCROLL,请使用道具来移动
MSI_NAVIGATION_RS_ROUTE_SUCCESS,请前往所指引的位置
MSI_NAVIGATION_RS_MAPTMAP_SUCCESS,已到达目标地图
MSI_NAVIGATION_RS_NPCTMAP_SUCCESS,已到达所搜寻NPC的地图，请去找NPC吧!
MSI_NAVIGATION_RS_MOBTMAP_SUCCESS,已到达所搜寻怪物的地图
MSI_NAVIGATION_RS_POSTMAP_SUCCESS,与先前的目标相同
MSI_NAVIGATION_RS_SAMETARGET,请依指标方向移动
MSI_NAVIGATION_RS_HERE,已是目标
MSI_NAVIGATION_PRINT_S,Navigation >: %s
MSI_NAVIGATION_PRINT_GO_S,Navigation >: 请利用指引%s 
MSI_NAVIGATION_PRINT_MAP_S,Navigation >: 请前往地图(%s)
MSI_NAVIGATION_PRINT_SELECTMAP_S,Navigation >: 请选择地图(%s)后前往
MSI_NAVIGATION_PRINT_PLANE,Navigation >: 请搭飞空艇前往
MSI_NAVIGATION_PRINT_WARP,Navigation >: 请利用传送前往其他地区
MSI_NAVIGATION_PRINT_ITEM,Item: 
MSI_NAVIGATION_ZZ,$$
MSI_NAVIGATION_ZZLV,$$lv
MSI_NAVIGATION_ZZLIMIT,~
MSI_NAVIGATION_ZZALL,$$all
MSI_SHOP_ITEM_BAY_TITLE,购买收据
MSI_SHOP_ITEM_BAY_MAG1,想要购买的物品总价格为
MSI_SHOP_ITEM_BAY_MAG2,是zeny
MSI_SHOP_ITEM_BAY_MAG3,想要购买吗？
MSI_BASIC_EXP_MSG2,%.1f%% (网咖 %.1f%% + TPLUS %.1f%% + 优惠 %.1f%% + %s伺服器 %.1f%%)
MSI_CARDWIN,教书
MSI_PERSONAL_INFORMATION_MSG_CHN,%d%% [ ( 基本 100%% + %s伺服器 %d%% ) * 活耀 %.1f ]
MSI_PERSONAL_INFORMATION_MSG_CHN_DEATH,%d%% [ 基本 100%% + %s伺服器 %d%% ]
MSI_CAUTION_PKZONE,这里是PK地区.为成年者请离开
MSI_FATIGUE,疲劳度
MSI_FATIGUE_LEVEL_ZERO,是健康状态游戏营收是100%
MSI_FATIGUE_LEVEL_HALF,"现在的疲劳庄太下客人的游戏营收会有降低50%.为了健康,请休息"
MSI_FATIGUE_LEVEL_FULL,"现在因为是不健康的状态,所以希望关闭游戏.继续是上线的状态是,会有对于健康部好.5小时之后会有进行恢复"
MSI_FATIGUE_MESSAGE0,上线时间 %d 分了.
MSI_FATIGUE_MESSAGE1,上线时间 %d 小时了.
MSI_FATIGUE_MESSAGE2,上线时间 %d 小时 %d 分了.
MSI_EXPLAIN_MONSTERHP,/monsterhp : 要攻击怪兽的HP情报会有显示.On off
MSI_SKILLPOINT2,技能点数 : 
MSI_BAN_BILLING_SERVER_ERROR,从认证伺服器没有回答.请从新是一下.
MSI_REFUSE_CHANGE_PASSWD_FORCE,此帐号可能因为久未登入、密码久未修改或密码组合太过简单，被归列于被盗高风险群。为了确保帐号安全，系统自动启用安全性防护机制，请先进行密码重置动作。
MSI_REFUSE_CHANGE_PASSWD_SITE,http://www.gameflier.com/FindID/RO/phone.htm
MSI_PLANNED_TIME_SHUTDOWN,现在是无法连线的时间
MSI_SHOUTDOWN_TIME,因为Shout down的关系所以会有限制上线时间%1.2d-%1.2d-%1.2d %1.2d:%1.2d:%1.2d会有结速
MSI_PARTIAL_SHOUTDOWN_TIME,"玩家的帐号是Shout Down帐号, 剩余的时间是 %1.2d时 %1.2d分. 使用游戏请参考"
MSI_MENU_REPLAYWND,重播
MSI_MENU_MACROWND,巨集
MSI_MENU_WEBBROWSERWND,Webbrowser
MSI_MENU_NAVIGATIONWND,导航
MSI_MENU_UAEURLWND,UAEURL
MSI_CLAN_INFOMANAGE,公会情报
MSI_CLAN_LEVEL,公会等级
MSI_CLAN_NAME,公会名称
MSI_CLAN_MARK,公会图片
MSI_ALLY_CLAN,同盟公会
MSI_HOSTILITY_CLAN,敌对公会
MSI_SEND_TO_CLAN,代表公会发言频道
MSI_CLAN_MASTER_NAME,Master名称
MSI_CLAN_NUM_MEMBER,组合人员数
MSI_CLAN_MANAGE_LAND,管理营定
MSI_VIEW_CLAN_MSG,公会聊天讯息显示
MSI_TWWEB_WARRING,前往储值页面
MSI_TWWEB_URL,https://member.gnjoy.com.tw/billing.aspx 
MSI_STR_MAKECHARACTER,创角
MSI_CHR_DELETE_RESERVED_FAIL_CHARNAME,角色名称不相同
MSI_CHR_DELETE_RESERVED_INPUTCONFIRMSTR_WND_TITLE,请选择角色名称
MSI_SELECT_SEX,选择男女窗
MSI_SPRITE_ALTER,档案有改变
MSI_CONFIRM_TO_OPEN_EVENT_ITEM,该道具打该候获得的道具会有归属该角色(不能往仓库移动).是使用在该角色上请在确认一下.打开箱子吗?
MSI_GAME_SETTING,游戏设定
MSI_SYSTEM_SETTING,游戏系统
MSI_COMMAND_SETTING,游戏命令
MSI_COMMAND_LIST,游戏命令 ON/OFF
MSI_MACRO_LIST,巨集
MSI_EXCHANGEITEM_DENY_MAP,这地区不能交晃道具
MSI_CART_USE_DENY_MAP,这地区不能使用推车
MSI_BLOCK_SUNMOONSTAR_MIRACLE,这地区不会出现太阳和越来的效果
MSI_RANKING_BOARD,排行板
MSI_RANKING_NUMBER,排行板
MSI_RANKING_NAME,名称
MSI_RANKING_POINT,点数
MSI_RANKING_BLACKSMITH,BlackSmith
MSI_RANKING_ALCHEMIST,Alchemist
MSI_RANKING_TAEKWON,Taekwon
MSI_RANKING_KILLER,Killer
MSI_RANKING_BATTLE_7VS7_ALL,7 vs 7
MSI_RANKING_RUNE_KNIGHT,RuneKnight
MSI_RANKING_WARLOCK,Warlock
MSI_RANKING_RANGER,Ranger
MSI_RANKING_MECHANIC,Mechanic
MSI_RANKING_GUILLOTINE_CROSS,GuillotineCross
MSI_RANKING_ARCHBISHOP,Archbishop
MSI_RANKING_ROYAL_GUARD,RoyalGuard
MSI_RANKING_SORCERER,Sorcerer
MSI_RANKING_MINSTREL,Minstrel
MSI_RANKING_WANDERER,Wanderer
MSI_RANKING_GENETIC,Genetic
MSI_RANKING_SHADOW_CHASER,ShadowChaser
MSI_RANKING_SURA,Sura
MSI_RANKING_KAGEROU,Kagerou
MSI_RANKING_OBORO,Oboro
MSI_RANKING_SELECT,Select Ranking Type
MSI_RANKING_TYPE,Ranking Type
MSI_WAITING_FOR_ENTER_TO_CHARACTER_SEVER_IN_SEC,目前登录人数已满，         ^0000ff目前排队人数：%d                    预计等候时间：%d秒
MSI_WAITING_FOR_ENTER_TO_CHARACTER_SEVER_IN_MIN,目前登入人数已满，           ^0000ff目前排队人数：%d                    預計等候时间：%d分 %d秒
MSI_CBT_ACTIVE_USER_CHECK,您的账号未进行激活，请前往激活
MSI_NAVIGATION_HELP_1, -------------- Navigation 指令 -------
MSI_NAVIGATION_HELP_2,/navigation    /navi  :  /navi yuno 100/100           ->> 地图名称、位置(100/100)
MSI_NAVIGATION_HELP_3,"/navigation2  /navi2 :  /navi2 yuno 100/100 1/1/1 ->> 地图名称、位置(100/100), scrool/zeny/plane (1: 使用 0: 不使用)"
MSI_NAVIGATION_HELP_4, -------------- Navigation 搜寻指令 -------
MSI_NAVIGATION_HELP_5,$$all         : 显示全部项目 (可于Type 分隔线区分显示种类)
MSI_NAVIGATION_HELP_6,$$lv30       : 显示该等级的怪物 (数字可变更)
MSI_NAVIGATION_HELP_7,$$lv20~30  : 显示该等级范围内的怪物 (数字可变更)
MSI_RANKING_BATTLE_1VS1_ALL,1 vs 1
MSI_SHADOW_EQUIPMENT,特殊装备
MSI_CHARACTERERROR_JOB,第%d个角色的职业资讯发生异常，烦请洽询客服，谢谢!ErrorCode(%d)
MSI_NAVIGATION_ALL_S,(%s) %d / %d
MSI_NAVIGATION_ALL_SD,%s-%s(%d/%d)
MSI_REFUSE_OVER_USERLIMIT,因伺服器人数超载而无法登入
MSI_REFUSE_ERRORCODE,伺服器登入失败 (%d)
MSI_REFUSE_DISCONNECT_KEEP_TIME,登入时间超过
MSI_REFUSE_WEB_AUTH_FAILED,登入中时认证失败
MSI_GUILDNAME_CHECK,公会名称不得留空白
MSI_BILLING_CHN_1,玩家您好!
MSI_BILLING_CHN_2,您的可用时间将于 %d年 %d 月 %d日 %d:%d结束
MSI_BILLING_CHN_3,您的可用时间还很长，请安心上线。
MSI_BILLING_CHN_4,您的可用时间将于本周内结束，结束前请记得储值。
MSI_BILLING_CHN_5,您的可用时间将于24小时内结束，结束前请记得储值。
MSI_BILLING_CHN_6,您的可用时间还剩%d小时，结束前请记得储值。
MSI_BILLING_CHN_7,您的可用时间还剩%d分钟，时间到后将强制退出，结束前请记得储值。
MSI_BILLING_CHN_8,您的可用时间还剩 %d小时 %d分钟
MSI_BASIC_EXP_MSG_THAI,%d%% ( 基本 101%% + 网咖 %d%% + 尊荣级 %d%% + %s 伺服器 %d%% )
MSI_CHN_BILLING_EXPIRE_TIME,您的可用时间将于 %d小时 %d分钟后结束
MSI_CHN_BLOCK_FOREVER,您的帐号被永久冻结
MSI_CHN_BLOCK,您的帐号已被冻结，\n 解除冻结时间: %04d-%02d-%02d %02d:%02d
MSI_WORLDMAP_MSG1,怪物(Tab)
MSI_WORLDMAP_MSG2,地图(Alt)
MSI_WORLDMAP_MSG3,指引资讯
MSI_WORLDMAP_MSG4,搜寻资讯
MSI_WORLDMAP_MSG5,飞空艇
MSI_WORLDMAP_MSG6,卡普拉
MSI_WORLDMAP_MSG7,(到达)
MSI_NAVIGATION_MOB_S_S_S,Mob)%s:%s(%s)
MSI_NAVIGATION_NUM,分布度:%s
MSI_NAVIGATION_NUM1,超多
MSI_NAVIGATION_NUM2,多
MSI_NAVIGATION_NUM3,普通
MSI_NAVIGATION_NUM4,少
MSI_NAVIGATION_NUM5,超少
MSI_BANK_SYSTEM_ERROR,不能使用银行.请等一下再使用.
MSI_BANK_WITHDRAW_NO_MONEY,银行存款不够.
MSI_BANK_DEPOSIT_NO_MONEY,持有的Zeny 不足够所以不能存款.
MSI_BANK_DEPOSIT_ZERO,1Zeny以上可以存款.
MSI_BANK_WITHDRAW_ZERO,1Zeny以上可以提款.
MSI_BANK_OVER_INT_MAX,"Zeny不能超过保留 2,147,483,647 Zeny"
MSI_REFUSE_MOTP_LOCK,your account is lock by mobil otp
MSI_REFUSE_MOTP_AUTH_FAIL,MOTP auth fail
MSI_JOBPLUSEXP_VALUE,%d分可以从怪兽获得的Job经验值 %d%% 会有增加.
MSI_BANK_MY_ZENY,所有权 Zeny : %s Zeny
MSI_BANK_ZENY,Zeny
MSI_BANK_WARNING,"最多可以保管2,147,483,647 Zeny"
MSI_NEED_MORE_BULLET,子弹不足
MSI_OVERPRICE_MAX,当输入10亿Zeny以上时，贩售价格会调整到10亿Zeny
MSI_NOT_VALID_AUTH_TICKET,AuthTicket is Not Vaild
MSI_STEAMAGENCY_ERROR,"ErrorCategory : %d, ErrorCode : %d (%d,%d,%d,%d)"
MSI_BASIC_EXP_MSG_INDONESIA,%d%% ( Basic 100%% + Premium %d%% + PCCafe %d%% + %s Server %d%% )
MSI_RECEIVEITEM_VALUE,%d分之间打怪时可以获得的基本掉宝率会有 %d%%增加.
MSI_RECEIVEITEM_VALUE_1, %d时 %.2d分间打怪时可以获得的基本掉宝率会有 %d%% 增加.
MSI_WARNING_PRICE1,%s 的价格
MSI_WARNING_PRICE2,100000000
MSI_WARNING_PRICE3, ^ff0000%d^0000ff亿
MSI_WARNING_PRICE4,10000000
MSI_WARNING_PRICE5, ^ff0000%d^0000ff千万
MSI_WARNING_PRICE6,^0000ffZeny 以上^000000.\n输入的价格是正确的吗?
MSI_WARNING_PRICE7,安全提醒(1千万Zeny以上时)
MSI_AMERICA_CASHSHOP_URL,https://www.warpportal.com/account/login.aspx?ReturnUrl=%2faccount%2fpayment.aspx
MSI_AMERICA_CASHSHOP_URL_STEAM,https://kepler.warpportal.com/ro1/purchase/?step=1&steamid=%lld&accountname=
MSI_QUEST_INFO_01,地面的结束，阿尔夫H.斯普莱迪德大陆及新兴的富裕，巨大的裂缝之间的桥樑，而你不知道的森林迷宫之源。
MSI_QUEST_INFO_02,这标志著该行的末尾是通知，打开一个新的世界的指标是！保护就像歌词逐渐失去其灵魂的诱惑。
MSI_QUEST_INFO_03,在几千年的流动，为自己辩护写道，这是个什么洞争，密封，被困时间长是相当混乱，他是否觉得自己没有。
MSI_QUEST_INFO_04,歌词也诱惑峰值到达时，地面阿尔夫H.斯普莱迪德年底大陆和富人之间的桥樑，巨大的裂缝出现，造成脱节，而人来了两个世界之间走了很大的不便是经验丰富。
MSI_QUEST_INFO_05,伍兹现在是通道中的一个迷宫，甚至不知道在哪里可以采购一个我不过去了一直到现在。
MSI_QUEST_INFO_06,混沌地狱吞噬了无数的冒险家，游蕩在树林里迷路是，你不知道这个名字，就像一个女人的心脏正在被扩展更深的混乱。
MSI_BANK_CHECK_NUM,只能输入数字
MSI_BANK_PROHIBIT,在开启交易视窗及商店的状态下无法提款、存款。
MSI_QUEST_INFO_00,快捷键
MSI_ITEM_COMPARISON,比较道具
MSI_WRONG_GUN,您正在安装枪的子弹不适合安装
MSI_WRONG_BULLET,您正在安装的子弹跟现在枪不适合安装
MSI_BUYINGSTORE_MAKEWND_ADD_GOODS,"没有登录要贩卖的道具,麻烦请登录要卖的道具"
MSI_ITEM_IN_MAIL_SYSTEM,物品
MSI_GUILD_STORAGE_OPEN_ERROR,不能使用公会仓库
MSI_GUILD_STORAGE_OPEN_NO_JOIN_GUILD,"没有加入公会,请加入公会进行使用"
MSI_GUILD_STORAGE_WARNING_USING_ANOTHER_MEMBER,"其他公会人员在使用中,请等一下使用"
MSI_GUILD_STORAGE_PERMISSON,仓库权限
MSI_GUILD_STORAGE_TITLE,公会仓库
MSI_GUILD_STORAGE_PERMISSON_WARNING_MSG,没有使用公会仓库的权限
MSI_BARGAINSALE_TOOLWND_TITLE,独有的属性窗口
MSI_BARGAINSALE_TOOLWND_DB_NAME,道具DB名
MSI_BARGAINSALE_TOOLWND_DB_NUMBER,道具DB号码
MSI_BARGAINSALE_TOOLWND_SELL_COUNT,贩卖数量
MSI_BARGAINSALE_TOOLWND_SELL_STARTTIME,开始贩卖时间
MSI_BARGAINSALE_TOOLWND_SELL_PERIODTIME,贩卖时间
MSI_BARGAINSALE_TOOLWND_INPUT_COUNT_MSG,输入贩卖数量
MSI_BARGAINSALE_TOOLWND_INPUT_STARTTIME_MSG,输入贩卖开始时间
MSI_BARGAINSALE_TOOLWND_WRONG_RANGE_MSG,输入贩卖的范围不正确
MSI_BARGAINSALE_TOOLWND_INPUT_PERIODTIME_MSG,输入贩卖时间3
MSI_BARGAINSALE_TOOLWND_INPUT_ITEMDBNAME_MSG,输入Item DB NAME
MSI_BARGAINSALE_TOOLWND_ITEMID_CHECK_FAILED_MSG,没有查到该Item DB NAME
MSI_BARGAINSALE_TOOLWND_RESULT_FORMAT,>> ItemName : %s / Price : %dc / 数量 : %d / 贩卖期间 : %d月:%d日:%d时:%d分 ~ %d月:%d日:%d时:%d分
MSI_BARGAINSALE_TOOLWND_APPLY_SUCCESS_MSG,登录成功
MSI_BARGAINSALE_TOOLWND_APPLY_FAILED_MSG,登录失败.请等一下再测试
MSI_BARGAINSALE_TOOLWND_ALREADY_REGISTERED_MSG,已註册项目。请再试一次。
MSI_BARGAINSALE_TOOLWND_DELETE_FAILED_MSG,无法删除的项目。请再试一次。
MSI_BARGAINSALE_TOOLWND_DELETE_SUCCESS_MSG,%s 道具有删除
MSI_BARGAINSALE_CASHSHOP_TAB_NAME,特价
MSI_BARGAINSALE_CASHSHOP_REFRESH_BTN_TOOLTIP,销售限量版物品更新
MSI_BARGAINSALE_CASHSHOP_TIMER,贩卖结速
MSI_BARGAINSALE_CASHSHOP_REFRESH_MSG,需要数量更新
MSI_BARGAINSALE_CASHSHOP_CHECK_COUNT_MSG,因为缺货 %d 个可以购买
MSI_BARGAINSALE_START_MSG,%s 道具开始有进行特价贩卖
MSI_BARGAINSALE_CLOSE_MSG,"%s 道具贩卖完币,或者是贩卖时间节速所以有暂停限贩卖量版"
MSI_BARGAINSALE_TOOLWND_CALL,/lsale
MSI_FRANCE_CASHSHOP_URL,http://www.ragnarokeurope.com/news/home-r70.html
MSI_FRANCE_CASHSHOP_URL_STEAM,http://www.ragnarokeurope.com/index.php?rubrique=70&Steam
MSI_PARA_RESULT_TITLE,购买成功的项目
MSI_PARA_WRONG_PURCHASE_COUNT_MSG,购买数量已超过上限。
MSI_PARTY_INVITE,不能邀请角色名称。
MSI_GUILD_INVITE,不能邀请公会的角色
MSI_PARA_PURCHASE_ITEM_FAIL,一部份道具以有卖完所以不能购买
MSI_NOWARPSKILL2,从目前所在位置的经，你可以不记得的地方。
MSI_PARA_PURCHASE_ITEM_WEIGHT,超过该物品的重量不能购买。
MSI_GUILD_STORAGE_NUMBER,No.
MSI_GUILD_STORAGE_ITEM,道具
MSI_GUILD_STORAGE_ITEM_COUNT,数量
MSI_GUILD_STORAGE_USER_NAME,名称 
MSI_GUILD_STORAGE_LOG_TIME,时间
MSI_GUILD_STORAGE_ITEM_IN_OUT,入/出
MSI_GUILD_STORAGE_LOG_FINISH,没有记录
MSI_GUILD_STORAGE_LOG_ALL,全部
MSI_GUILD_STORAGE_LOG_IN,放进
MSI_GUILD_STORAGE_LOG_OUT,拿掉
MSI_GUILD_STORAGE_LOG_WND_NAME,公会仓库历史
MSI_GUILD_STORAGE_LOG_CAUTION,只能显示最近100个
MSI_GUILD_STORAGE_CLOSE_TIMEOUT,"公会仓库使用时间超过2分钟,自动会终了"
MSI_INCORRECT_GAMESAMBEID,Incorrect GameSamba ID. Please Try Again.
MSI_EA5,%s [属性%d] : %d 个
MSI_USESKILL_FAIL_COINTS,需要硬币
MSI_USESKILL_FAIL_COINTS_NUM,需要 %d个的硬币
MSI_FAIL_NEED_EQUIPPED_GUN_GATLING,加特林机枪系统必须配备枪支。
MSI_FAIL_NEED_EQUIPPED_GUN_SHOTGUN,猎枪部必须配备枪支。
MSI_FAIL_NEED_EQUIPPED_GUN_RIFLE,该枪的部门必须配备枪支。
MSI_FAIL_NEED_EQUIPPED_GUN_HANDGUN,左轮手枪火器部必须配备。
MSI_FAIL_NEED_EQUIPPED_PROPERTY_SAINT_BULLET,必须装填圣属性子弹
MSI_MERCHANT_SOLD_ITEM_LOG,贩卖道具的历史
MSI_MERCHANT_ITEM_BUY_LOG,购买道具的历史
MSI_FAIL_NEED_EQUIPPED_GUN_GRANADE,榴弹发射器系统必须配备枪支。
MSI_FAIL_DUPLICATE_HEAT_BARREL_GS_MADNESSCANCEL_P_ALTER,"[加热桶],[疯狂消],[白金阿尔特] 的效果是不能重复使用的"
MSI_USESKILL_FAIL_MAP,现在地图是不能使用的技能
MSI_GUILD_STORAGE_WARNING,如果您正在使用一个公会仓库仓库所有物品将消失。
MSI_AMERICA_CASHSHOP_URL_GAMESAMBA,http://ragnarok.gamesamba.com/paytest.html
MSI_SECOND_PASSWORD_INFO_4,"登入时,请输入帐号和密码"
MSI_PET_EVOLUTION,宠物进化
MSI_PET_EVOLUTION_WITH_PET_NAME,进化 - %s
MSI_PET_EVOLUTION_NEED_ITEM,进化时需要下面的材料
MSI_DO_YOU_WANT_TO_EVOLVE_PET,要进化吗?
MSI_PET_EVOLUTION_FAIL_UNKNOWN,未知错误
MSI_PET_EVOLUTION_FAIL_NOTEXIST_CALLPET,没有召唤宠物。
MSI_PET_EVOLUTION_FAIL_NOT_PETEGG,不是邀糗的宠物卵
MSI_PET_EVOLUTION_FAIL_RECIPE,进化材料不够
MSI_PET_EVOLUTION_FAIL_MATERIAL,进化材料不足够
MSI_PET_EVOLUTION_FAIL_RG_FAMILIAR,宠物进化必须要亲密度为非常亲密时。
MSI_PET_AUTO_FEEDING,自动喂食
MSI_PET_AUTO_FEEDING_REST,给宠物饭''%s''剩余量%d个
MSI_PET_AUTO_FEEDING_ON,开放自动喂食 On
MSI_PET_AUTO_FEEDING_OFF,开放自动喂食 Off
MSI_REFRESH,更新
MSI_TIME_LINE_MINUTE,%d 分前
MSI_TIME_LINE_HOUR,%d 时前
MSI_TIME_LINE_DAY,%d 日前
MSI_BASIC_EXP_MSG_PH,%d%% ( Premium %d%% + %s Server )
MSI_SEND_MAIL,发送信件
MSI_MAIL_SENT,信件传送完成
MSI_GET_ITEMS_FROM_MAIL_SUCCEED,物品已移动至背包
MSI_GET_ITEMS_FROM_MAIL_FAILED,领取物品失败
MSI_GET_ITEMS_FROM_MAIL_OVERWEIGHT,请清空背包
MSI_GET_ZENY_FROM_MAIL_SUCCEED,已领取金币
MSI_GET_ZENY_FROM_MAIL_FAILED,领取金币失败
MSI_GET_ZENY_FROM_MAIL_OVERAMOUNT,超过金币上限
MSI_SET_ITEMS_TO_MAIL_SUCCEED,附加物品成功
MSI_INVALID_MAIL_RECIEVER_INFO,请务必输入收件人姓名
MSI_INVALID_MAIL_TITLE_INFO,标题长度必须为4个字以上16个字以下
MSI_FAILED_SEND_MAIL,信件传送失败
MSI_FAILED_SEND_MAIL_ITEM,不当的物品导致传送失败
MSI_FAIELD_SEND_MAIL_TO,该收件人的资料不存在
MSI_EA6,%s [%d选项]
MSI_PARTY_BOOKING_ERR5R2,等级请输入1~%d之间的数字
MSI_ITEM_WND_OVERFULL,请确认持有物品视窗的空间
MSI_FAILED_MAIL_LIMIT_CNT,超过发送信件次数
MSI_FAILED_TO_WRITE_MAIL,无法开启信件
MSI_JOINED_IN_CLAN,You are currently joined in CLan !!
MSI_GOLDPCCAFE_MILEAGE,黄金网咖累积资讯
MSI_PET_EVOLUTION_FAIL_PET_ACC_OFF,进化前请先卸除宠物饰品
MSI_TIME_LINE_MINUTE2,%d分钟后
MSI_TIME_LINE_HOUR2,%d小时后
MSI_TIME_LINE_DAY2,%d天后
MSI_INVALID_CCODE_INFO,点击确认键后请确认C-CODE
MSI_FAILED_DELETE_MAIL,获得附加的物品后可删除
MSI_FAILED_SEND_MAIL_ZENY,不可传送大于目前持有金币数量的金币
MSI_SEND_MAIL_COMMISSION,手续费 : %s Zeny
MSI_FAILE_MAIL_RECIEVER_INFO,该收件人姓名不存在
MSI_TAIWAN_PERSONALINFO_EXPMSG,E X P : %.1f%% ( basic %.1f%% premium %.1f%% + %s %.1f%%)
MSI_TAIWAN_PERSONALINFO_DROPMSG,DROP  : %.1f%% ( basic %.1f%% premium %.1f%% + %s %.1f%%)
MSI_TAIWAN_PERSONALINFO_DEATHMSG,DEATH : %.1f%% ( basic %.1f%% premium %.1f%% + %s %.1f%%)
MSI_MILEAGE_HELP,可拥有的最大累积分 : %d
MSI_RESTRAINT_OF_TRADE_1,无法于该伺服器内使用的功能
MSI_RESTRAINT_OF_TRADE_2,不可使用推车的伺服器
MSI_RESTRAINT_OF_TRADE_3,不可使用发信的伺服器
MSI_RESTRAINT_OF_TRADE_4,不可交易的伺服器
MSI_RESTRAINT_OF_TRADE_5,不可丢弃物品的伺服器
MSI_RESTRAINT_OF_TRADE_6,无法使用商店贩卖功能
MSI_USESKILL_FAIL_SUMMON_SP_INSUFFICIENT,召唤物的SP不足
MSI_SEND_MAIL_WEIGHT,Weight : %s/%s
MSI_INVALID_MAIL_CONTENTS_INFO,信件内容长度必须在1K以下
MSI_SET_ITEMS_TO_MAIL_FAILED,附加物品失败
MSI_SET_ITEMS_TO_MAIL_OVER_WEIGHT,附加至信件的物品重量超重
MSI_DYNAMICNPC_FAIL_DUPLICATENAME,已经服务中.请等一下再使用一下
MSI_FAILED_OPEN_ROULLETTE,不能打开幻想的转窗
MSI_FAILED_CLOSE_ROULLETTE,不能关闭幻想的转窗
MSI_FAILED_GENERATE_ROULLETTE,不能启动幻想的转窗
MSI_NOT_ENOUGH_ROULLETTE_POINT,要启动幻想的转窗时需要游戏内点数.
MSI_FAILED_RECV_ITEM,可以获得中奖的道具
MSI_FAILED_RECV_ITEM_OVERCOUNT,背包的道具数量有超过太多
MSI_FAILED_RECV_ITEM_OVERWEIGHT,"有超重,请整理一下背包"
MSI_MERCHANTSHOP_MAKING_FAIL,开起摆摊有失败
MSI_FAILED_CLOSE_ROULLETTEWND,"转窗正在转,可以看到中奖的道具"
MSI_ROULLETTE_WND,幻想的转窗
MSI_SOUNDEFFECT_ITEMSELLWND,贩卖道具时会有声音通知
MSI_FAILED_SEND_MAIL_ITEMS,请确认手术费用
MSI_CHECK_USER_NAME,确认玩家名称
MSI_DELETE_DUE_DATE,会有进行测除
MSI_ACHIEVEMENT_SYSTEM,成就系统
MSI_ACHIEVEMENT_TOTAL_SCORE,到达总分
MSI_ACHIEVEMENT_GRADE,到达等级
MSI_ACHIEVEMENT_SCORE_REQUIRED_TO_REWARD,道下一个奖励箱子[%5d]分
MSI_ACHIEVEMENT_SUMMARY_TITLE,进行情况
MSI_ACHIEVEMENT_RECENT_ACHIEVEMENT,最近达到的业绩
MSI_CASH_GEDARE1,仙贝 项目
MSI_CASH_GEDARE2,仙贝 : %d / %d 
MSI_CASH_GEDARE_FAIL_MONEY,仙贝不足够
MSI_CASH_GEDARE_MONEY,%s 
MSI_ACHIEVEMENT_TAB_SUMMARY,概要
MSI_ACHIEVEMENT_TAB_GENERAL,一般
MSI_ACHIEVEMENT_TAB_GENERAL_CHARACTER,角色
MSI_ACHIEVEMENT_TAB_GENERAL_ACTION,行动
MSI_ACHIEVEMENT_TAB_GENERAL_REST,其他
MSI_ACHIEVEMENT_TAB_ADVENTURE,冒险
MSI_ACHIEVEMENT_TAB_ADVENTURE_RUNEMIDGARTS,卢恩 米德加兹
MSI_ACHIEVEMENT_TAB_ADVENTURE_SCHWARZWALD,秀发兹发德
MSI_ACHIEVEMENT_TAB_ADVENTURE_ARUNAFELTZ,阿卢纳贝兹
MSI_ACHIEVEMENT_TAB_ADVENTURE_ANOTHERWORLD,异世界
MSI_ACHIEVEMENT_TAB_ADVENTURE_LOCALIZING,本地
MSI_ACHIEVEMENT_TAB_ADVENTURE_DUNGEON,洞穴探险
MSI_ACHIEVEMENT_TAB_BATTLE,战斗
MSI_ACHIEVEMENT_TAB_BATTLE_PVP,决斗
MSI_ACHIEVEMENT_TAB_BATTLE_TRAINING,修练
MSI_ACHIEVEMENT_TAB_QUEST,任务
MSI_ACHIEVEMENT_TAB_QUEST_EPISODE,EP
MSI_ACHIEVEMENT_TAB_QUEST_GENERAL,一般
MSI_ACHIEVEMENT_TAB_MEMORIAL,副本
MSI_ACHIEVEMENT_TAB_MEMORIAL_MIDGARD,米德加尔特
MSI_ACHIEVEMENT_TAB_MEMORIAL_ANOTHERWORLD,异世界
MSI_ACHIEVEMENT_TAB_MEMORIAL_REST,其他
MSI_ACHIEVEMENT_TAB_ACHIEVEMENT,壮举
MSI_ACHIEVEMENT_TAB_TOTAL,实现任务
MSI_FAIL_ADD_ACHIEVEMENT_TRACING,不能再进行添加.
MSI_NOTICE_COMPLETE_ACHIEVEMENT,< %s > 达到.
MSI_OTPUSER_ONLY,only otp user login allow
MSI_GET_ROULLETE_PRIZE,当您按下此按钮时，您将收到一个指定的项目初始化轮盘.
MSI_NOTICE_NEXT_ROULLETE_STAGE,当按下按钮，轮盘箭头的起跑线上闪烁.
MSI_TITLE_EQUIPMENT,称号
MSI_TAKEOFF_TITLE,取消称号
MSI_GUILD_MAKE_GUILD_NOT_PERMITTED_MAP,不能生城公会的地区.
MSI_GUILD_DISORGANIZE_GUILD_NOT_PERMITTED_MAP,不能解散公会的地区.
MSI_GUILD_JOIN_GUILD_NOT_PERMITTED_MAP,不能加入公会的地区.
MSI_GUILD_LEAVE_GUILD_NOT_PERMITTED_MAP,不能离开公会的地区.
MSI_GUILD_EXPEL_GUILD_NOT_PERMITTED_MAP,不能递解公会的地区.
MSI_GUILD_POSITION_CHANGE_NOT_PERMITTED_MAP,不能改变公会职位的地区.
MSI_NOT_ENOUGH_SPACE_IN_ITEM_BODY,背包空间要有5个格子以上
MSI_JPN_PERSONALINFO_EXPMSG,E X P : %.1f%% ( basic 100.0%% pccafe %.1f%% + %s %.1f%%)
MSI_JPN_PERSONALINFO_DROPMSG,DROP  : %.1f%% ( basic 100.0%% pccafe %.1f%% + %s %.1f%%)
MSI_JPN_PERSONALINFO_DEATHMSG,DEATH : %.1f%% ( basic 100.0%% pccafe %.1f%% + %s %.1f%%)
MSI_SET_ITEMS_TO_MAIL_OVERCOUNT,可以添加的道具数量有超过.
MSI_SOUNDEFFECT_ITEMBUYWND,"购买到具时,可以使用声音通知"
MSI_SET_UNMOVEABLE_ITEM,不能添加的道具.
MSI_RESULT_ALREADY_LOSING_IDX,"因为没有中奖,所以不能到上一等级的转蛋."
MSI_RODEX_FOWARD,答覆
MSI_RODEX_READ,读取
MSI_RODEX_DELETE,删除邮件
MSI_TAIWAN_CASH_MSG_1,仙贝 : %d
MSI_TAIWAN_CASH_MSG_2,%s %s 仙贝
MSI_TAIWAN_CASH_MSG_3,仙贝
MSI_TAIWAN_CASH_MSG_4,Total : %d 仙贝
MSI_TAIWAN_CASH_MSG_5,%d -> %s 仙贝
MSI_TAIWAN_CASH_MSG_6,%s 仙贝
MSI_TAIWAN_CASH_MSG_7,                                          Current 仙贝 : %s
MSI_TAIWAN_CASH_MSG_8,    %s  :  %s  仙贝
MSI_TAIWAN_CASH_MSG_9,%10s 仙贝
MSI_TAIWAN_CASH_MSG_10,Total : %s 仙贝
MSI_TAIWAN_CASH_MSG_11,※手术费 3% / 最少 1仙贝的手术费会有删掉
MSI_TAIWAN_CASH_ITEM_BAY_MAG2,仙贝.
MSI_TAIWAN_CASH_WARNING_PRICE6,^0000ff仙贝 以上^000000的.\n输入的金币是对的吗?
MSI_TAIWAN_CASH_WARNING_PRICE7,10亿仙贝以上确认安全
MSI_TAIWAN_CASH_OVERPRICE_MAX,输入10亿 以上仙贝也是只能卖到10亿.
MSI_TAIWAN_CASH_OVERPRICE9999,"输入9,999仙贝以上也是贩卖价格是 9,999仙贝."
MSI_TAIWAN_CASH_YOU_HAVE_FREE_ITEM_ON_SHOP,有价格是 0 仙贝的道具. 不能开启商店!
MSI_TAIWAN_CASH_MCSTORE_FAIL_SELLER_MONEY_GIVE,"对方角色最多保有亮的仙贝有超过,所以不能进行交易."
MSI_TAIWAN_CASH_BUYINGSTORE_MAKEWND_REINPUTPRICE,%s 请把道具输入10亿仙贝以下.
MSI_TAIWAN_CASH_BUYINGSTORE_MAKEWND_ITEMLIST,%s  :  %s  仙贝 => %s EA
MSI_TAIWAN_CASH_BUYINGSTORE_MYSHOPWND_LIMITZENY,限制金币 : %s 仙贝
MSI_TAIWAN_CASH_BUYINGSTORE_MYSHOPWND_ITEMINFO,%s %s 仙贝 %d 
MSI_TAIWAN_CASH_BUYINGSTORE_TRADE_SELLCOMPLETE,%s %d个 %d 仙贝有进行贩卖. 手术费是 3%% .
MSI_RODEX_WND,RODEX
MSI_RODEX_SEND_WND,SEND
MSI_RODEX_RECEIVE_WND,RECEIVE
MSI_RODEX_CHOOSEWND_FAILED,请关闭邮件书写视窗.
MSI_ACCESS_DENIED_BY_AUTHSERVER_CONNECTION,不允许接近伺服器(A)
MSI_ACCESS_DENIED_BY_BILLSERVER_CONNECTION,不允许接近伺服器(B)
MSI_UNEQUIP_ARROW2,请卸除装备的弓箭/弹药.
MSI_FAILED_MAIL_CAUSE_TO_USE_ITEM,消耗背包的物品后将关闭邮件书写视窗.
MSI_FAILIED_ONECLICK_ITEMIDENTIFY_NO_MAGNIFIER,未持有放大镜.
MSI_FAILED_UNLOCK_ITEM_DROP_IN_COMPOSE_WND,若欲丢弃物品请先关闭邮件书写视窗.
MSI_FAILED_FRIEND_ADD__ALREADY_REQUEST,对方邀请你加入好友中.
MSI_UISCRIPT_ERROR_GUIDE,SCRIPT ERROR AID
MSI_UISCRIPT_ERROR_GUIDE_MSG,\nErrorfile : %s\nErrorLine : %d 项\nErrorContext: %s
MSI_TAIWAN_CASH_BUY_RECONFIRM,^ff0000确定要购买该物品吗? 确认后将消耗 %d 点和 %d 仙贝.
MSI_MINIMAP_MSG_01,关闭
MSI_MINIMAP_MSG_02,任务
MSI_MINIMAP_MSG_03,查看任务图示
MSI_MINIMAP_MSG_04,便利设施
MSI_MINIMAP_MSG_05,查看便利设施图示
MSI_MINIMAP_MSG_06,公会员/队员
MSI_MINIMAP_MSG_07,公会员/队员标示
MSI_MINIMAP_MSG_08,记录
MSI_MINIMAP_MSG_09,Boss怪物
MSI_MINIMAP_MSG_10,我
MSI_MINIMAP_MSG_11,确定要删除吗?
MSI_MINIMAP_MSG_12,任务NPC
MSI_MINIMAP_MSG_13,记录内容
MSI_MINIMAP_MSG_14,储存
MSI_MINIMAP_MSG_15,记录
MSI_EA7,%s [%d属性] %d个
MSI_EA8,%s [%d属性] %s Zeny
MSI_EA9,%s [%d属性] %d %s %d -> %s %s
MSI_EA10,%s [%d属性] %d %s %s %s
MSI_EA11,%s [%d属性] %d -> %s %s
MSI_EA12,%s [%d属性] %s %s
MSI_TAIWAN_CASH_LEMITEMIN,最小交易单位必须设定为100仙贝以上
MSI_DRESSROOM_HEARCOLOR,发色
MSI_DRESSROOM_HEARSTYLE,发型
MSI_DRESSROOM_BODYCOLOR,服装颜色
MSI_DRESSROOM_BODYSTYLE,服装式样
MSI_MINIMAP_MSG_16,不支援的地图
MSI_BANK_MAX_MONEY,"请输入2,147,483,647 Zeny 以下"
MSI_BANK_MIN_MONEY,请输入1 Zeny 以上
MSI_BANK_0_MONEY,未持有 Zeny
MSI_BANK_1,金币仓库
MSI_BANK_2,仓库余额
MSI_BANK_3,余额
MSI_BANK_4,存款
MSI_BANK_5,提款
MSI_BANK_6,1 z UP
MSI_BANK_7,1 z Down
MSI_BANK_MAX,Max
MSI_BANK_NOMSG,尚未输入金额
MSI_BANK_0_MINI,持有 Zeny 不足
MSI_BANK_1_MINI,请输入金额
MSI_BANK_2_MINI,不可输入文字
MSI_BANK_3_MINI,超过金额上限
MSI_BANK_4_MINI,未达最低金额
MSI_BANK_5_MINI,有 Zeny 不足
MSI_BANK_6_MINI,银行余额不足
MSI_BANK_7_MINI,超过持有 Zeny 上限
MSI_ITEMMOVEINFO_DROP, 物品掉落 X
MSI_ITEMMOVEINFO_STORE,一般仓库 X
MSI_ITEMMOVEINFO_CART,手推车 X
MSI_ITEMMOVEINFO_MAIL,Rodex邮件 X
MSI_ITEMMOVEINFO_EXCHANGEWND,一般交易 X
MSI_ITEMMOVEINFO_AUCTION,拍卖场 X
MSI_ITEMMOVEINFO_STOREOFGUILD,公会仓库 X
MSI_ITEMMOVEINFO_TONPC,贩售给NPC X
MSI_ITEMMOVEINFO_BTN,受转移限制的道具
MSI_CREATE_CHARACTER,请创角!
MSI_UNEQUIP_ARROW3,请先卸除投射物道具
MSI_REFUSE_MDENGEON_IS_FULL,超过限制人数而无法进入记忆副本
MSI_ERROR_MDENGEON_IS_FULL,超过限制人数而被拒绝进入记忆副本
MSI_INFORMATION_USA,%.1f%% ( %s Server: %.1f%% + Premium:%.1f%% )
MSI_INFORMATION_USA_DEATH,%.1f%% ( %s Server: %.1f%% + Premium:%.1f%% )
MSI_PERVENT_DUPLICATEUSE_ITEM,因有重复道具而无法使用
MSI_PERVENT_DUPLICATEUSE_EFSTITEM,因有重复效果而无法使用
MSI_QUAKE_EFFECT_ON,画面震动效果 ON
MSI_QUAKE_EFFECT_OFF,画面震动效果 OFF
MSI_GAMEHACK_DETECT2,侦测到非法程式
MSI_SEND_RODEX,寄信
MSI_USA_PERSONALINFO_EXP,E X P : %.1f%% ( basic 100.0%% VIP Bonus %.1f%% + %s %.1f%%)
MSI_USA_PERSONALINFO_DROP,DROP  : %.1f%% ( basic 100.0%% VIP Bonus %.1f%% + %s %.1f%%)
MSI_USA_PERSONALINFO_DEATH,DEATH : %.1f%% ( basic 100.0%% VIP Bonus %.1f%% + %s %.1f%%)
MSI_NOT_USING_TAG_TO_NAME,该内容不可使用人名。
MSI_STYLING_SHOP,造型店
MSI_STYLING_SHOP_NEED_COUPON,无序号，请至商城买
MSI_STYLING_SHOP_OPEN_COUPON,请开启背包的序号箱
MSI_STYLING_SHOP_DELETE_CHAR,确定要删除式样资讯吗?
MSI_STYLING_SHOP_FAIL_TO_ADD_CHAR_TO_LIKE,插槽已满，请删角后再使用
MSI_STYLING_SHOP_ADJUST_NEW_CHAR_STYLE,确认要购买目前的式样吗?\n(※ 不会退费)
MSI_STYLING_SHOP_REGISTER_BOOKMARK,已储存目前的式样
MSI_STYLING_SHOP_SUGGEST_TO_GO_TO_BANK,持有 Zeny不足。银行有充足的 Zeny
MSI_ASK_MOVE_BY_PRIVATE_AIRPLANE,前往
MSI_PRIVATE_AIRPLANE_FAIL_LOCALIZING,尚未取得该国的领空通过许可
MSI_PRIVATE_AIRPLANE_FAIL_OTHERWORLD,因魔力造成气流不稳而飞空艇无法起飞
MSI_PRIVATE_AIRPLANE,个人飞空艇
MSI_PRIVATE_AIRPLANE_FAIL_UNKNOWN,请稍后再试
MSI_PRIVATE_AIRPLANE_FAIL_PAYMENT_ZENY,搭乘个人飞空艇所需的Zeny不足。
MSI_PRIVATE_AIRPLANE_FAIL_PAYMENT_ITEM,搭乘个人飞空艇所需的道具不足。
MSI_PRIVATE_AIRPLANE_FAIL_LEVEL,搭乘个人飞空艇所需的等级不足。
MSI_PRIVATE_AIRPLANE_FAIL_MAP,所选地点个人飞空艇无法到达。
MSI_RESULT_FAIL_USING_MAP,该处无法搭乘个人飞空艇
MSI_STYLING_SHOP_ACCESSORYWND,装饰品
MSI_STYLING_SHOP_2NDCOSTUMEWND,第二套服装
MSI_STYLING_SHOP_LIKELISTWND,我的式样
MSI_STYLING_SHOP_IS_NOT_COLORING_HEAD,不能染发的发型
MSI_STYLING_SHOP_OPENING_COMMENT,请按箭头来选自己喜爱的式样吧
MSI_STYLING_SHOP_SUCCESS,快看看您的新式样吧!\n(※ 购买饰品时会以RODEX寄出)
MSI_STYLING_SHOP_BASICSTYLE,基本式样
MSI_UPGRADESKILLERROR_MORE_BASE_LEVEL,该技能自BaseLv %d 起可投资技能点数
MSI_NOT_USING_SPECIALLETTERS_ON_PARTYNAME,该特殊符号无法使用在名称里
MSI_SKILL_FAIL_MHP_TOO_FEW,MHP太低而无法使用该技能
MSI_SKILL_FAIL_MSP_TOO_FEW,MSP太低而无法使用该技能
MSI_INVENTORY_ITEM_COMPARE,比较道具
MSI_INVENTORY_ITEM_DROP_LOCK,道具丢弃锁定
MSI_NOT_ADDING_SCREENSHOT,截图档案未附
MSI_CONNECT_SNS_WND,TWITTER
MSI_RODEX_GENERAL,一般
MSI_RODEX_NOTICE,公告
MSI_RODEX_RETURN,退回
MSI_RODEX_REFRESH,重新整理
MSI_RODEX_DELETE_TIME_MINUTE,%d分
MSI_RODEX_DELETE_TIME_HOUR,%d小时
MSI_RODEX_DELETE_TIME_DAY,%d天
MSI_RODEX_RETURNED,被退回
MSI_RODEX_DELETE_SELECT_MAIL,要删除该邮件吗?
MSI_MINIMAP_TIP_POS_ON,显示位置
MSI_MINIMAP_TIP_ZOOM_IN,放大
MSI_MINIMAP_TIP_ZOOM_OUT,缩小
MSI_MINIMAP_TIP_MAP_VIEW,显示地图
MSI_MINIMAP_TIP_WORLD_VIEW,显示世界
MSI_INVENTORY_NUMBER_OF_ITEM,道具持有种类数
MSI_MINIMAP_BUTTON_ONOFF,/minimap
MSI_MINIMAP_BUTTON_ON,显示小地图按键
MSI_MINIMAP_BUTTON_OFF,不显示小地图按键
MSI_GUILD_MEMBERLIST_SORT,公会上线玩家排序
MSI_WRITE_PET_RELATION_SHIP,亲密度 : %s
MSI_PET_RELATION_SHIP_UNKNOWN,尚未孵化
MSI_PARTYNAME,队名
MSI_PARTYMASTER,组长
MSI_MACRO_DETECTOR_TIME_OVER,超过时间。即将会关闭客户端。
MSI_MACRO_DETECTOR_WRONG_ANSWER,输入错误。即将会关闭客户端。
MSI_MACRO_DETECTOR_CORRECT_ANSWER,输入正确。已少量的Buff奖励补偿给您。
MSI_MACRO_INPUT_ANSWER,"必要输入英文4个字,中文2个字以上。"
MSI_MACRO_CHECK_ANSWER,您输入的答案是[%s]对吗?
MSI_MACRO_SELECT_CAPTCHA,没有被选择的图示。
MSI_MACRO_DETECTOR_WRONG_ANSWER_REMAIN_CNT,输入错误。(您剩下%d机会)
MSI_MACRO_REPORTER,您要申告%d位玩家?
MSI_MACRO_SEND_MACRO,已把讯息给玩家。
MSI_MACRO_REGISTER_DATA,查询非法软体需要的Data未登入。
MSI_MACRO_ALREADY_DETECTING,这位玩家是以被监视中的玩家。
MSI_MACRO_COMPLETE_REGISTER_CAPTCHA,已登入查缉系统里。
MSI_MACRO_FAILED_REGISTER_CAPTCHA,失败储存图示。
MSI_MACRO_FAILED_REGISTER_ANSWER,失败储存回覆的答案。
MSI_MACRO_DETECTOR_NOTICE1,"您好, 官方查缉中。"
MSI_MACRO_DETECTOR_NOTICE2,在指定的时间内依序下方图示进行回答。
MSI_MACRO_DETECTOR_NOTICE3,"您输入错误3次时, 依游戏管理规章,您可能会被冻结。"
MSI_MACRO_DETECTOR_REMAIN_COUNT,剩下的次数 : %d
MSI_MACRO_REPORTER_SELECT_MODE_CHAR,角色
MSI_MACRO_REPORTER_SELECT_MODE_CELL,范围
MSI_MACRO_REPORTER_TOOLTIP_CHAR,您用滑鼠左键来指定角色
MSI_MACRO_REPORTER_TOOLTIP_CELL,您用滑鼠右键来指定范围
MSI_MACRO_REPORTER_TOOLTIP_RANGE,"未指定范围,请您按Enter"
MSI_TAIWANSS_PERSONALINFO_EXPMSG,E X P : %.1f%% ( basic %.1f%% %s %.1f%%)
MSI_TAIWANSS_PERSONALINFO_DROPMSG,DROP  : %.1f%% ( basic %.1f%% %s %.1f%%)
MSI_TAIWANSS_PERSONALINFO_DEATHMSG,DEATH : %.1f%% ( basic %.1f%% %s %.1f%%)
MSI_WRITE_RODEX_DIFFERENT_RECEIVER_NAME,发送了变更的角色名，变更后角色名 : %s 
MSI_LAPINE_INGREDIENT_TO_COMBINE,合成所需材料
MSI_LAPINE_FAIL_NOT_ENOUGH_ITEM,合成材料不足而无法合成
MSI_LAPINE_FAIL_NOT_ENOUGH_ITEM_COUNT,该材料需要 %d个
MSI_LAPINE_FAIL_NOT_ENOUGH_REFINING_LEVEL,精炼值过低而无法合成
MSI_REGISTER_PARTY_TO_BOOKINGSYSTEM,要登录在冒险家仲介吗?
MSI_INPUT_FREE_MESSAGE,请随意留言
MSI_CAPTCHA_INPUT_ANSWER,请输入图形上的文字
MSI_CAPTCHA_REMAIN_TIME,还剩%d秒
MSI_GOOGLE_OTP_INPUT_CODE,请您输入6位认证号码.
MSI_GOOGLE_OTP_AUTH_CODE,认证号码.
MSI_GOOGLE_OTP_MSG,不是6位认证码。请您再次确认.
MSI_RODEX_DELETED_MAIL,该邮件已删除
MSI_SELECT_AREA_BY_PRIVATE_AIRPLANE,请选个人飞空艇要移动的地区
MSI_THAI_PERSONALINFO_EXP,E X P : %d%% ( basic 100.0%% %s %d%%)
MSI_THAI_PERSONALINFO_DROP,DROP  : %d%% ( basic 100.0%% %s %d%%)
MSI_THAI_PERSONALINFO_DEATH,DEATH : %d%% ( basic 100.0%% %s %d%%)
MSI_FLOATING_PRIVATE_AIRPLANE,往目的地移动中
MSI_NOT_FOUND_USER_AI,您不存在[%s]档案而以default AI进行更新
MSI_BASIC_EXP_MSG_BRZ2,%.1f%% ( Basic 100.0%% + Premium %.1f%% + %s %.1f%%)
MSI_ASSISTANT_VENDING_POS,要在这里开设露天商店吗?
MSI_DORAM_CANT_EQUIT_THIS,都兰族不能穿这服装
MSI_SEND_PURCHASES_BY_RODEX,销售露天商店中所交易的道具会以以RODEX寄出
MSI_BUTTON_PAY_BY_ZENY,"30,000 z"
MSI_BUTTON_PAY_BY_CAN,绵绵岛风味罐头100个
MSI_CANNOT_ACCESS_BY_WEIGHTOVER_80,因重量超过 80%而无法进行
MSI_SEND_REST_ITEMS_BY_RODEX,未售出的商品以RODEX寄出
MSI_BUTTON_EQUIP_PREVIEW,配戴外观
MSI_CHANGE_GUILD_MASTER,委任公会会长
MSI_CONFIRM_CHANGING_GUILD_MASTER,确定要委任 %s为公会会长吗? 委任后您的职位会和 %s互换
MSI_WITHDRAWAL,撤离
MSI_SHOP_WITHDRAWAL,要撤除露天商店吗?
MSI_REMAIN_TIME,%02d天 %02d小时 %02d分 %02d秒
MSI_LIMIT_USER,无法登入
MSI_LIMIT_USER_MSG,因超出可登入人数上限而无法登入
MSI_SELECT_SHOP_POSITION,请选要设立露天商店的位置
MSI_CHANGE_PETNAME,宠物名字将改为 ^0000ff^0000ff %s^000000^000000，要继续吗?
MSI_STORE_ASSISTANT_TRADE_DATE,交易时间 : 
MSI_STORE_ASSISTANT_TRADE_ITEM,交易道具 
MSI_STORE_ASSISTANT_TRADE_CNT,交易数量 
MSI_STORE_ASSISTANT_TRADE_PRICE,交易单价 : 
MSI_STORE_ASSISTANT_TRADE_PAYMENT,交易金额 : 
MSI_STORE_ASSISTANT_TRADE_TITLE1,露天商店销售道具
MSI_STORE_ASSISTANT_TRADE_TITLE2,露天商店购买道具
MSI_STORE_ASSISTANT_TRADE_TITLE3,销售露天商店打工结束
MSI_STORE_ASSISTANT_TRADE_TITLE4,购买露天商店打工结束
MSI_STORE_ASSISTANT_TRADE_REST_ZENY,剩余金额:
MSI_STORE_ASSISTANT_TRADE_REST_ITEM,道具清单:
MSI_STORE_ASSISTANT_EMPLOYMENT,露天商店工读生
MSI_STORE_ASSISTANT_RETURN_ITEM,退回道具:
MSI_STORE_ASSISTANT_RETURN_CNT,退回数量:
MSI_STORE_ASSISTANT_REUTRN_DATE,退回时间:
MSI_STORE_ASSISTANT_SEND_SELLS_BY_RODEX,购买/贩售露天商店中的交易金额会以 RODEX寄出
MSI_CANNOT_USE_NAME,不可使用的名称
MSI_STYLING_SHOP_ARRIVE_GOODS,商品已送达
MSI_STYLING_SHOP_THANK_YOU,谢谢购买
MSI_CANNOT_SELL_IN_PRIVATE_TAB,道具无法交易
MSI_LOCK_SELL_IN_PRIVATE_TAB,道具交易锁定
MSI_NOTFOUND_CALLPOSITION,附近找不到可召唤的位置
MSI_CONNECT_SNS_WHOLE_SCREEN_SHOT,撷取全部画面
MSI_CONNECT_SNS_PART_SCREEN_SHOT,撷取部分画面
MSI_CONNECT_SNS_SEND,送出
MSI_BABY_INDEPENDENCE_RODEX_SENDER,家人和负责人
MSI_BABY_INDEPENDENCE_RODEX_TITLE,家人内容变动说明
MSI_BABY_INDEPENDENCE_RODEX_CONTENTS,"你好! \r\n\r\n今天\""%s\""和\""%s\""的子女\""%s\""独立而建立新门户了。\r\n\r\n特此书面通知，\r\n\r\n若想确认家族关系请洽询普隆德拉户政事务所的相关人员，\r\n\r\n谢谢!"
MSI_EQUIPMENT,配戴
MSI_CONNECT_SNS_DO_NOT_EXIST_IMAGE,无图
MSI_BLOCK_CALL,[%s]目前为拒绝呼叫状态
MSI_IMPOSSIBLE_CHANGE_GUILD_MASTER_IN_SIEGE_TIME,目前正在进行攻城战，故无法委任公会会长。
MSI_IMPOSSIBLE_CHANGE_GUILD_MASTER_NOT_TIME,目前委任公会会长还不满一天，故无法再委任公会会长
MSI_SUGGEST_BABY3,变成小孩后不能转生，素质会受限，HP和SP会减少，\n确定要继续吗?
MSI_REFINING,精炼
MSI_USING_BLACKSMITH_BLESSING,铁匠的祝福使用中
MSI_NOTENOUGH_ZENY,金币不足
MSI_NOTENOUGH_BLACKSMITH_BLESSING,铁匠的祝福数量不足
MSI_CANNOT_REFINE_ITEM,该装备不可精炼
MSI_REFINING_SUCCESS,精炼成功!
MSI_REFINING_FAIL,精炼失败!
MSI_RETURN,返回
MSI_SUCCESS,成功
MSI_RESET,还原
MSI_MANUFACTURED_MARRIAGERING_ITEM,与先生/小姐的
MSI_CHANGE_HOMUN_NAME,人工生命体的名字会改成^0000ff^0000ff %s^000000^000000，你确定吗?
MSI_BLOCK_CALL_PERMIT,呼叫功能开启中 (呼叫功能 ON)
MSI_BLOCK_CALL_REJECT,呼叫功能关闭中 (呼叫功能 OFF)
MSI_BLOCK_CALL_NOTIFY,显示呼叫讯息
MSI_RESULT_FAIL_ASSISTANT,该角色目前正使用露天商店道具，故无法删除
MSI_USESKILL_FAIL_EXIST_STORE_ASSISTANT,相同的露天商店NPC已设立
MSI_RESULT_FAILED_ASSISTANT_POS,该位置不可设立露天商店
MSI_RESULT_FAILED_ASSISTANT_POS_CHARACTER,有其他角色的位置上不可设立露天商店
MSI_FAILED_PET_AUTO_FEEDING_CLOSE_RODEX,喂食宠物饲料失败，请关闭RODEX视窗
MSI_SWAP_EQUIPITEM_EQUIPMENTSET,设定装备组合设定
MSI_SWAP_EQUIPITEM_EQUIP,配戴
MSI_REFINING_FAIL_ITEM_DISAPPEAR,精炼失败时装备会消失
MSI_REFINING_FAIL_ITEM_DOWMGRADE,精炼失败时装备的精鍊值下降
MSI_REFINING_FAIL_ITEM_DISAPPEAR_OR_ITEM_DOWNGRADE,精炼失败时装备的精鍊值下降或消失
MSI_CLOSE_RODEX_FOR_REFINING,精炼中无法使用RODEX，已强制关闭RODEX。
MSI_CANNOT_OPEN_RODEX_DURING_REFINING,精炼中无法使用RODEX
MSI_REFINING_FAIL_CLOSE_UI,精炼前请先关闭其他视窗。
MSI_AURA_EFFECT_ON,正常显示光圈 [光圈 ON]
MSI_AURA_EFFECT_OFF,没有显示光圈 [光圈 OFF]
MSI_ALREADY_AURA_EFFECT_OFF,光圈关闭中，请先解除Off后再试。
MSI_USESKILL_FAIL_NEED_MORE_BULLET_CNT,施放技能时至少需要 %d个子弹
MSI_SWAP_EQUIPITEM_DO_SWAP,您要变更装备套装吗?
MSI_SWAP_EQUIPITEM_FAIL_DEAD,死亡时无法使用
MSI_SWAP_EQUIPITEM_FAIL_CASTING,咏唱中无法使用
MSI_SWAP_EQUIPITEM_FAIL_DEAL,交易中无法使用
MSI_SWAP_EQUIPITEM_FAIL_MERCHANTSHOP,开设露天商店时无法使用
MSI_SWAP_EQUIPITEM_FAIL_USE_NPC,使用NPC时无法使用
MSI_SWAP_EQUIPITEM_FAIL_CHAT,使用聊天室时无法使用
MSI_MDUNGEON_CREATE_FAIL_PARTY_ONLINE,所有队员尚未全部登入
MSI_USESKILL_FAIL_NEED_MORE_ARROW_CNT,施放技能时至少需要 %d个箭矢
MSI_SORT_ITEM,道具排序
MSI_SWAP_EQUIPITEM_CLOSE_WND,丢弃道具前请先关闭装备设定视窗
MSI_SWAP_EQUIPITEM_FAIL_NO_ITEM,可替换的道具不存在
MSI_BABY_INDEPENDENCE_RODEX_ERASED,该角色已删除
MSI_TIME_TYPE4,%Y.%m.%d
MSI_LAST_LOGIN,上线日: %s
MSI_CLOSE_BANKING_FOR_REFINING,精炼中无法使用银行，已强制关闭银行。
MSI_CANNOT_OPEN_BANKING_DURING_REFINING,精炼中无法使用银行
MSI_SWAP_EQUIPITEM_UNREGISTER_FIRST,此为装备套装设定中的道具
MSI_NEWMAKECHAR_HUMAN,人类
MSI_NEWMAKECHAR_HUMANJOB,"剑士, 法师, 商人, 服事, 盗贼, 弓箭手"
MSI_NEWMAKECHAR_DORAM,喵族
MSI_NEWMAKECHAR_DORAMJOB,召唤师
MSI_NEWMAKECHAR_HUMANINFO,米德加尔特大陆的代表种族，其特色为无穷的潜力和良好的适应力，造就了卓越的的解决问题的能力。
MSI_NEWMAKECHAR_DORAMINFO,帕-斯达大陆的代表种族之一，喵族不仅好奇心强且个性也很活泼。
MSI_PICKUP_FAILED_ITEMCREATE,物品的总重量超过70%的持有上限，或背包空间不足10格。
MSI_CASH_MARK1,P
MSI_CASH_MARK2,P
MSI_ANOTHER_WORKING,正在做其他事
MSI_OVERHEAT_LIMIT_POINT,过热上限 : %d
MSI_CANNOT_JOIN_AND_LEAVE_PARTY_IN_MAKING_MEMORIALDUNGEON,记忆迷宫使用中时无法邀请或退出
MSI_ERROR_INCLUDE_VALGARISM,内含禁文字，请再确认，谢谢!
MSI_MUST_ID_EXCEED_CHAR,ID要输入%d字以上，没有帐号者请按左下角[申请]键来建立帐号 。
MSI_MUST_PASSWORD_EXCEED_CHAR,密码请输入%d字以上。
MSI_BANK_SYSTEM_BUSY,进行中的作业请先结束后重试。
MSI_BASIC_EXP_MSG2_EXCEPT_PREMIUM,%.1f%% (网咖 %.1f%% + TPLUS %.1f%% + %s伺服器 %.1f%%)
MSI_SWAP_EQUIPITEM_CANNOT_ADD_ITEM,无法登录道具。
MSI_DAILYSENDRODEXCNT_LIMIT,/100
MSI_MAX_WEIGHT_IN_RODEX_CLIENT,/2000
MSI_TW_ENABLE_SECOND_PASSWD,https://member.gnjoy.com.tw/mRO_SecPwd.aspx
MSI_EMBLEM_CHANGE,要登录的emblem不存在，请放入emblem资料夹后重试。
MSI_TWITTER_TAG,新仙境传说
MSI_TWITTER_CAUTION,在截图上标示自己以外的角色名称或聊天室上显示自己以外的角色对话时，请务必先取得使用者的谅解后再使用。
MSI_SWAP_FAIL_SWAP,目前无法替换装备
MSI_CALLING_USERNAME,正在载入该玩家的名字
MSI_MSG_IS_ILLEGAL_MSG,该当讯息中包括无法确认的内容
MSI_PARA_PURCHASE_ITEM_FAIL2,购买道具失败
MSI_CHR_DELETE_FAIL_CHN_TAREN_PERSONALNUMBER,身分证后七码不正确
MSI_CLOSE,关闭
MSI_RULE,规则
MSI_ZENY_LOTTO_BUY_1,购买1次
MSI_ZENY_LOTTO_BUY_10,购买10次
MSI_ZENY_LOTTO_BUY_100,购买100次
MSI_ZENY_LOTTO_WIN_1ST,中头奖
MSI_ZENY_LOTTO_WIN_2ND,中2奖
MSI_ZENY_LOTTO_WIN_3RD,中3奖
MSI_DONOT_USE_1,目前未使用
MSI_DONOT_USE_2,目前未使用
MSI_ZENY_LOTTO_PRIZE_WINNER,金币彩券中奖人
MSI_ZENY_LOTTO_TOTAL_ZENY,购买彩券金额
MSI_ZENY_LOTTO_TOTAL_CHARACTER,参与角色
MSI_WINNER_1ST,头奖
MSI_WINNER_2ND,2奖
MSI_WINNER_3RD,3奖
MSI_ZENY_LOTTO_REWARD_ITEM,购买奖励道具
MSI_ZENY_LOTTO_ASK_PURCHASE,^1a1a1a彩券^b%d个^/b要花\n^4435b2%dZeny^1a1a1a\n购买吗?
MSI_ZENY_LOTTO_RESULT_SUCCESS,彩券购买成功
MSI_ZENY_LOTTO_RESULT_FAIL_ZENY,金币不足，无法购买彩券。
MSI_ZENY_LOTTO_RESULT_FAIL_COUNT,彩券购买次数上限为1000次
MSI_ID_YES,是
MSI_ID_NO,不是
MSI_BASICINFO_HP,HP
MSI_BASICINFO_SP,SP
MSI_BASICINFO_LEVEL,Lv
MSI_BASICINFO_JOBLEVEL,Lv
MSI_BASICINFO_EXP,Exp
MSI_ALL_ON,all on
MSI_REPLAY_BTN_TOOLTIP,Play Replay Flie
MSI_SIMPLECASH_P,P
MSI_SIMPLECASH_TOTAL,Total
MSI_REPLAY_BASICINFO,Basicinfo
MSI_REPLAY_EQUIP,Equip
MSI_REPLAY_ITEM,Item
MSI_REPLAY_SKILL,Skill
MSI_REPLAY_GUILD,Guild
MSI_REPLAY_PARTY,Party
MSI_REPLAY_CHATTING,Chatting
MSI_REPLAY_SHORTCUT,Shortcut
MSI_REPLAY_STATUS,Status
MSI_REPLAY_ALL,ALL
MSI_REPLAY_USER_DEFINED_FILE_NAME,User Defined File Name
MSI_REPLAY_REPEATED_FILE_CHECK,Repeated File Check
MSI_ON,on
MSI_BASIC_SKIN,<Basic Skin>
MSI_BASIC_SELECT_SKIN,Select Skin
MSI_RESULT_FAIL_ZENYLOTTO,无法删除彩券
MSI_ACHIEVEMENT_COMMAND,/achievement
MSI_ZENY_LOTTO_RODEX_SENDER,金币彩券
MSI_ZENY_LOTTO_RODEX_WINNER_TITLE,金币彩券中%d奖奖励
MSI_ZENY_LOTTO_RODEX_WINNER_CONTENTS,中%d奖奖励: %s
MSI_ZENY_LOTTO_RODEX_PURCHASE_TITLE,金币彩券累积购买奖励
MSI_ZENY_LOTTO_RODEX_PURCHASE_CONTENTS,累积%d次奖励: %s
MSI_ZENY_LOTTO_RODEX_REFUND_TITLE,购买金币彩券退费
MSI_ZENY_LOTTO_RODEX_REFUND_CONTENTS,退费金额: %d Zeny\r\n退费理由: 伺服器内彩券抽奖失败
MSI_ADD_MINI_PARTYWND,新增小队伍视窗
MSI_DELETE_MINI_PARTYWND,删除小队伍视窗
MSI_ZENY_LOTTO_SELL_END,彩券抽奖已结束，请确认中奖人。
MSI_DATE_MM_DD,%d月%d日
MSI_ACHIEVEMENT_NEXT_GRADE,下一等级为止
MSI_THE_WHOLE,全部
MSI_INCOMPLETE,未完成
MSI_ZENY_LOTTO_ACHIEVE,(达成!)
MSI_ZENY_LOTTO_ACHIEVE_FAIL,(未达成)
MSI_SWAP_EQUIPITEM,替换装备
MSI_SWAP_EQUIPITEM_CHANGE,CHANGE
MSI_DESC_STR2,"力量\n ^cc0000近距离物理攻击力^ffffff, 负重量"
MSI_DESC_AGI2,"敏捷\n^cc0000攻击速度^ffffff, 迴避率, 物理防御力"
MSI_DESC_VIT2,"体质\n^cc0000最大体力^ffffff, 物理防御力, 魔法防御力"
MSI_DESC_INT2,"智力\n^cc0000魔法攻击力^ffffff, 咏唱时间, 魔法防御力"
MSI_DESC_DEX2,"灵巧\n^cc0000远距离物理攻击力^ffffff, 命中率, 咏唱时间, 魔法攻击力"
MSI_DESC_LUK2,"幸运\n^cc0000暴击率^ffffff, 命中率, 物理攻击力, 魔法攻击力, 迴避率"
MSI_DESC_ATK2,物理攻击力
MSI_DESC_DEF2,物理防御力
MSI_DESC_HIT2,命中率
MSI_DESC_CRI2,暴击率
MSI_DESC_GUILD2,所属公会
MSI_DESC_POINT2,提升素质点数
MSI_DESC_MATK2,魔法攻击力
MSI_DESC_MDEF2,魔法防御力
MSI_DESC_FLEE2,迴避率
MSI_DESC_ASPD2,攻击速度
MSI_HOTKEY_GUIDE,快捷键说明
MSI_OPTION,效果
MSI_SKILL_HOTKEY_F1_F9,技能快捷键 (F1 ~ F9)
MSI_IMAGE_CAPTURE,截图
MSI_ZOOM_IN,放大
MSI_ZOOM_OUT,缩小
MSI_GUILD,公会
MSI_BANK,银行
MSI_MAIL,邮件
MSI_CASHSHOP,商城
MSI_SIT,坐下
MSI_MOVE,移动
MSI_ROTATE,旋转
MSI_CONNOT_LEAVE_MASTER,队长需将队长委任给其他队员后退出
MSI_STOP_VIDEO,你要中断观看影片吗?
MSI_ITEM_IS_SWAP_EQUIPED,装备已安装在装备更换视窗上
MSI_ITEM_IS_SWAP_REMOVED,装备已在装备更换视窗上解除
MSI_CANNOT_MOVE_MINI_PARTYWND,已是最后一行
MSI_BASIC_EXP_MSG_FRA,%.1f%% (基本100%% + 尊荣%.1f%%+ %s伺服器%.1f%% )
MSI_CHINESE_CHARACTER,中文
MSI_HOTKEY_SETTING,设定快捷键
MSI_EXPIRED_DATE,你的月费将于%s到期
MSI_NOT_FOUND_REPLAY_FILE,尚未找到重播档案
MSI_STORE_TABNAME_7,服饰
MSI_STORE_TABNAME_8,鞋子
MSI_STORE_TABNAME_9,铠甲
MSI_STORE_TABNAME_10,肩膀
MSI_STORE_TABNAME_11,饰品
MSI_STORE_TABNAME_12,头部
MSI_ORDER,顺序排序
MSI_GENERAL_EQUIPMENT_TOOLTIP,一般装备
MSI_SHADOW_EQUIPMENT_TOOLTIP,特殊装备
MSI_TITLE_EQUIPMENT_TOOLTIP,称号
MSI_HELP_QUAKE_ONOFF,/quake : 画面震动效果 On/Off
MSI_HELP_AURA_EFFECT_OFF,/aura2 : 完全关闭光圈 On Off
MSI_GRAPHIC_SETTING_TAB_BASIC,基本设定
MSI_GRAPHIC_SETTING_TAB_ADVANCED,进阶设定
MSI_GRAPHIC_SETTING_TOOLTIP_RESET,套用基本设定值
MSI_GRAPHIC_SETTING_WARNING_RESET,要套用基本设定值，你同意吗?
MSI_GRAPHIC_SETTING_APPLY,要套用设定值，你同意吗?
MSI_GRAPHIC_SETTING_WARNING_RESTART,要套用设定值需重启，你同意吗?
MSI_GRAPHIC_SETTING_FOG_CHECK,浓雾
MSI_GRAPHIC_SETTING_SIMPLE_AURA_CHECK,光圈简化
MSI_GRAPHIC_SETTING_AURA_OFF_CHECK,光圈开启
MSI_GRAPHIC_SETTING_EFFECT_CHECK,开特效
MSI_GRAPHIC_SETTING_LIGHTMAP_CHECK,显示阴影
MSI_GRAPHIC_SETTING_NOSHIFT_CHECK,No Shift
MSI_GRAPHIC_SETTING_TOOLTIP_DEVICE,选择硬体T&L加速功能
MSI_GRAPHIC_SETTING_TOOLTIP_RESOLUTION,选择游戏解析度
MSI_GRAPHIC_SETTING_FULLSCREEN_CHECK,全萤幕
MSI_GRAPHIC_SETTING_MOUSE_EXCLUSIVE_CHECK,固定滑鼠
MSI_GRAPHIC_SETTING_EFFECT_SET,特效设定
MSI_GRAPHIC_SETTING_CONTROL_SET,Control设定
MSI_GRAPHIC_SETTING_DEVICE_SET,画质装置设定
MSI_GRAPHIC_SETTING_RESOLUTION_SET,画质解析度设定
MSI_GRAPHIC_SETTING_FULLSCREEN_SET,是否全萤幕设定
MSI_GRAPHIC_SETTING_MOUSE_SET,是否固定滑鼠设定
MSI_STORE_ASSISTANT_TRADE_FEE,手续费 : 
MSI_STORE_ASSISTANT_TRADE_TOTAL_FEE,手续费总额 : 
MSI_CHATWND_RECEIVER_LIST,收件人设定
MSI_CHATWND_RECEPTIVE_GROUP_LIST,收件组群设定
MSI_CHATWND_CHANGE_SIZE,变更大小(F10)
MSI_RODEX_DOWNLOADING,读取邮件中…\n不需要的邮件请^c92114删除^000000~!!
MSI_RODEX_NOW_LOADING,NOW LOADING..
MSI_RODEX_TITLE,标题
MSI_RODEX_SENDER,寄件人
MSI_CLOSE_SETUP,无法双开游戏，将中断安装
MSI_OPEN_COMMAND_LIST_WND,新增功能设定
MSI_TAREN_LOGINREFUSE_FAIL_ACCOUNT_NOTEXIST,This account does not exist.
MSI_TAREN_LOGINREFUSE_FAIL_PASSWORD,Passwords do not match. 
MSI_TAREN_LOGINREFUSE_FAIL_IP,Failed to pass IP authentication
MSI_TAREN_LOGINREFUSE_FAIL_PERSONALNUMBER,"No identification number, supplement your registration information"
MSI_TAREN_LOGINREFUSE_FAIL_ACCOUNT_BLOCK,Account block
MSI_TAREN_LOGINREFUSE_FAIL_SYSTEM,System error
MSI_TAREN_LOGINREFUSE_FAIL_UNKNOWN,unknown error found. 
MSI_NAVIGATION_ICONTITEL,路径指引图标设定
MSI_NAVIGATION_RUITELISTTITEL,路径指引资讯UI
MSI_NAVIGATION_ROADLISTVIEW,路径指引资讯开启
MSI_NAVIGATION_SHARETIP,目前位置分享
MSI_NAVIGATION_SEARCH_01,查询结果[0]
MSI_NAVIGATION_SEARCHTORUITE,查询&说明
MSI_NAVIGATION_SHARE_DESC,位置错误
MSI_NAVIGATION_SEARCH_02,查询结果[%d]
MSI_NAVIGATION_ICONTIP,显示路径指引图标设定
MSI_NAVIGATION_SERVICETIP,寻径中允许zeny
MSI_WORLDMAP_NAVIGATION_SET,解除导航对接
MSI_TAREN_LOGINREFUSE_FAIL_NOTACTIVATED,帐号未启用
MSI_NAVIGATION_V4_HELP,点击的位置会分享在聊天室
MSI_NAVIGATION_V4_HELP01,4.选择Service项目时，说明含Zeny&飞空艇使用
MSI_NAVIGATION_V4_HELP02,5. [<-]键 : 路径指引模式<->查询模式互换
MSI_NAVIGATION_V4_HELP03,"分享模式 -> 转查询模式时使用\n\n\n\n6.[载入座标书签]说明:\n在游戏资料夹建立[Navigationdata]名称的资料夹，在资料夹中加入存档编码ANSI的TXT档案，即可在游戏中使用。\n\nex在文件中输入)\n aldebaran 168/168 仙境传说,\n alberta 246/74 Online,\n alberta 246/40 Gravity \n\n-> 地图名称/座标/书签名称"
MSI_GOT_EXPERIENCE_POINT_INT64,经验值获得%lld
MSI_NOTIFY_EXP_INT64,将''%lld''的经验值
MSI_CHARGE_FEE_HELP,^b- 露天商店手续费说明^/b\n会依露天商店的定价而产生一定比例的手续费。\n\n
MSI_METCHANT_SHOP_PRICE_INCLUDED_CHARGE_FEE,实际交易 : 
MSI_WARNING_METCHANT_SHOP_SELL,※ 贩售道具时，获得金币量为实际交易金额。
MSI_WARNING_METCHANT_SHOP_BUY,※ 购买道具时，扣除金币量为实际交易金额。
MSI_MAKE_CHAT_ROOM,开设聊天室
MSI_CANNOT_JOIN_CHARACTER_HAVING_LOW_SKILL,该角色等级无法加入队伍
MSI_NOTIFY_JOBEXP_INT64,将''%lld''的职业经验值
MSI_GOT_JOB_EXPERIENCE_POINT_INT64,职业经验值获得%lld
MSI_MERCHANTSHOP_FAIL_POSITION,目前位置无法开设露天商店
MSI_SWAP_EQUIPITEM_WAITING,秒后才可以
MSI_PARTYMEMBER,队员
MSI_CONNECT_SNS_FAIL_SEND,SNS 传送失败(%d) 
MSI_CONNECT_SNS_FAIL_CONNECT,SNS 连线失败
MSI_CONNECT_SNS_FAIL_CUZ_NOT_CONNECTING,SNS 登入后可使用
MSI_CONNECT_NOT_HAVE_URL,该网址不存在
MSI_GET_OFF_MINI_PARTYWND,因小队视窗重叠而无法使用
MSI_SALESTORE_MYSHOPWND_TITLE,我的销售露天商店
MSI_TIPBOX,BOX
MSI_MENUICON_TIPBOX,提示框
MSI_CONNECT_SNS_SUCCESS_SEND,推文成功
MSI_AGAIN,再次精炼
MSI_REFINING_AGAIN_FAILED_INGREDIENT_CHANGED,请返回，请重新选择精炼材料。
MSI_REFINING_AGAIN_FAILED_LACK_OF_INGREDIENT,因精炼石不足而关闭，请重新确认。
MSI_REFINING_AGAIN_FAILED_LACK_OF_MONEY,因金币不足而关闭，请重新确认。
MSI_REFINING_AGAIN_FAILED_LACK_OF_BLACKSMITHBLESSING,因铁匠的祝福不足而关闭，请重新确认。
MSI_REFINING_FAIL_BROKEN_ITEM,道具损坏
MSI_NPC_ALL_STAT_DOWN,All Status减少
MSI_NPC_ALL_STAT_DOWN_RESET,All Status减少效果解除
MSI_OTP_MUST_8_CHAR,请输入8位数的OTP密码
MSI_ACCOUNTCLASS_INTEGRATION,合併帐号
MSI_ACCOUNTCLASS_RAGNAROK,新仙境传说
MSI_FAIL_SERVICE_CHECKING_ERROR,维护中
MSI_ENTER_THE_SEARCH_WORD,请输入关键字
MSI_MOTP,MOTP
MSI_AUTHORIZATION_CODE,认证码
MSI_ENTER_YOUR_AUTHENTICATION_NUMBER,请执行手机上下载的GNJOY MOTP后，再输入认证码
MSI_PARTY_DO_YOU_WANT_BREAKING_UP,要委任队长的队员不存在，确定要解散队伍吗? 
MSI_SERVER_PROPERTY_ADULT_NO_COUNT, – 18岁以上
MSI_SERVER_PROPERTY_PAY_NO_COUNT, - 收费伺服器
MSI_SERVER_PROPERTY_FREE_NO_COUNT, – 免费伺服器
MSI_SERVER_USERCOUNT_STATE_NICE,流畅
MSI_SERVER_USERCOUNT_STATE_NORMAL,普通
MSI_SERVER_USERCOUNT_STATE_BUSY,拥挤
MSI_SERVER_USERCOUNT_STATE_VERY_BUSY,爆满
MSI_MENUICON_MAP,map
MSI_WORLDSTORE_ONLY_INVENTORY,伺服器仓库仅可提存背包内的道具
MSI_WORLDSTORE_PUT_BLOCK_PETEGG,伺服器仓库里不可存入宠物蛋
MSI_WORLDSTORE_PUT_BLOCK_MANUFACTUREDITEM,伺服器仓库里不可存入制作道具
MSI_WORLDSTORE_OUT_BLOCK,该道具无从%s提出
MSI_MEMORIAL_DUN_DESTROY,副本关闭
MSI_BROADCASTING_REFINING_SUCCESS_LEVEL_9,[%s]精炼成功而获得[+%d %s]道具
MSI_BROADCASTING_REFINING_FAIL_LEVEL_9,[%s]精炼[+%d %s]道具失败
MSI_PARTY_NOT_LEAVE_PARTY_UNTIL_YIELD_PARTYMASTER,委任队长后方可退出
MSI_ASCENDING_ORDER,系统顺序
MSI_DESENDING_ORDER,系统倒序
MSI_DEFAULT,置入时间
MSI_CHEATDEFENDER_FILE_CHECK_FAIL,发现篡改档案，请重启游戏。
MSI_ITEMMOVERESTRICT_WHITELIST,该%s道具无法在本地图使用
MSI_HOMUN_SELF_FEEDING,主动\n吃食物
MSI_FAILED_HOMUN_SELF_FEEDING_CLOSE_RODEX,RODEX 输入栏开启中时生命体无法吃饲料
MSI_HOMUN_SELF_FEEDING_REST,生命体已吃了饲料，\''%s\'' 剩余%d个
MSI_HOMUN_SELF_FEEDING_ON,生命体主动吃饲料 On
MSI_HOMUN_SELF_FEEDING_OFF,生命体主动吃饲料 Off
MSI_HOMUN_SELF_FEEDING_EXP_INFORMATION,生命体所获得的经验值为主人获得经验值的\n10%。
MSI_REFINING_RATE,机率 : %d%%
MSI_HOMUN_TARGET_IS_NOT_HOMUN_TARGET,该对象并非是生命体的攻击目标，请按\''Alt+右键\''来锁定生命体的攻击目标。
MSI_HOMUN_TARGET_NOT_EXIST_HOMUN_TARGAT,生命体的攻击目标不存在，请按\''Alt+右键\''来锁定生命体的攻击目标。
MSI_CASHSHOP_SALE_LIST,销售清单
MSI_CASHSHOP_BUY_LIST,购买清单
MSI_CASHSHOP_TAB_NEW,新商品
MSI_CASHSHOP_TAB_HOT,热门商品
MSI_CASHSHOP_TAB_LIMITED,实用商品
MSI_CASHSHOP_TAB_LEASE,租赁道具
MSI_CASHSHOP_TAB_PERMANENT,永久道具
MSI_CASHSHOP_TAB_BUFF,Buff
MSI_CASHSHOP_TAB_RECOVERY,恢复
MSI_CASHSHOP_TAB_ETC,其他
MSI_CASHSHOP_TAB_BARGAIN,特价
MSI_CASHSHOP_CASH_CHARGE,充值
MSI_CASHSHOP_ITEM_BUY,购买
MSI_CASHSHOP_CASH_CHARGE_ADDRESS,https://payment.gnjoy.com/bill/login.grv
MSI_ITEM_SEARCH,搜寻道具
MSI_CASHSHOP_FREE_POINT,免费点数
MSI_CASHSHOP_FREE_POINT_TO_USE,使用免费点数
MSI_CASHSHOP_CASH_POINT,持有点数
MSI_CASHSHOP_REFRESH,数量更新
MSI_STAR_EMPEROR_F,拳皇(女)
MSI_SOUL_REAPER_F,猎灵士(女)
MSI_STAR_EMPEROR_M,拳皇(男)
MSI_SOUL_REAPER_M,猎灵士(男)
MSI_NO_RECOVER_OVERWEIGHT2,当重量超过%d以上时，HP/SP不会自动恢复。
MSI_CASHSHOP_CANNOT_BUY_OVER,一次可购买的道具种类是8个
MSI_OUTSIDE_CASHSHOP_LINK,http://gift.zhaouc.com/
MSI_USA_LOGINERRORMSG_UNKNOWN,UNKNOWN ERROR:%d
MSI_USA_LOGINERRORMSG_NOT_USER,NOT USER
MSI_USA_LOGINERRORMSG_ID_BLOCK,THIS ACCOUNT ID IS BLOCKED
MSI_USA_LOGINERRORMSG_ID_INACTIVAT,COUNTRY REJECT (OR NOT AVALIABLE USER )
MSI_USA_LOGINERRORMSG_PASSWORD,NOT MATCH PASSWORD
MSI_USA_LOGINERRORMSG_EMAIL_CERT,NOT EMAIL CERT
MSI_USA_LOGINERRORMSG_PAYPAL_BLOCK1,PAYPAL BLOCK
MSI_USA_LOGINERRORMSG_COUNTRY_REJECT,COUNTRY REJECT
MSI_USA_LOGINERRORMSG_PAYPAL_BLOCK2,PAYPAL BLOCK
MSI_USA_LOGINERRORMSG_WEB_BLOCK,WEB BLOCK
MSI_USA_LOGINERRORMSG_AGE,AGE LIMIT USER
MSI_USA_LOGINERRORMSG_PASSWORD_CHANGE,PASSWORD HAS NOT BEEN CHANGED FOR MORE THAN 90DAYS
MSI_USA_LOGINERRORMSG_INPUTDATA,INPUT DATA ERROR
MSI_USA_LOGINERRORMSG_DATABASE,ERROR DATABASE
MSI_USA_LOGINERRORMSG_SYSTEM,ERROR SYSTEM
MSI_PAY_BY_ITEM,消耗%s
MSI_PRIVATE_AIRPLANE_PAYMENT,支付费用
MSI_PRIVATE_AIRPLANE_FAILED_ISNOT_STARTABLE_MAP,不是可以出发的地图。
MSI_PRIVATE_AIRPLANE_FAILED_ISNOT_ENDABLE_MAP,不可移动的地图
MSI_PRIVATE_AIRPLANE_FAILED_NOT_ENOUGH_ITEM,道具不足
MSI_ENTER_ONE_LINE_WITHOUT_LINE_BREAKS,请不要换行并直接输入
MSI_CANNOT_REGISTER_NAME_THAT_CONTAINS_BADWORDS,不可取名含有禁文字的名字
MSI_CREATE_ACCOUNT,将移动至官方网页加入会员
MSI_TOKENAGENCY_SERVER_CONNECTION_FAILED,TokenAgency 伺服器连线失败
MSI_SELECTCHARWND_BILLING_INFO,付费资讯
MSI_SELECTCHARWND_RESERVE_TO_DEL_CHAR,移除预约
MSI_SELECTCHARWND_CANCEL_TO_RESERVE_CHAR,取消预约
MSI_SELECTCHARWND_START_GAME,开始游戏
MSI_SELECTCHARWND_DELETE,删除
MSI_SELECTCHARWND_CHARACTER_LIST,角色清单
MSI_SELECTCHARWND_NOTICE,公告
MSI_MAKECHARWND_CREATE,创立
MSI_MAKECHARWND_HAIR_STYLE,发型
MSI_MAKECHARWND_HAIR_COLOR,发色
MSI_MAKECHARWND_DOUBLECHECK_NAME,确认重复
MSI_DATE_HH_MM_SS,%d时 %d分 %d秒
MSI_INPUT_TIME_EXCEEDED_SIGN_IN_AGAIN,已超过输入MOTP时间，请重新登入。
MSI_MAKECHARWND_CLOSE,倒退
MSI_PRIVATE_AIRPLANE_FAILED_USE_ITEM,不可使用道具
MSI_PRIVATE_AIRPLANE_FAILED_SAME_MAP,不可移动到相同的地图
MSI_PRIVATE_AIRPLANE_FAILED_DEAD_STATE,死亡时不可移动
MSI_MAKECHARWND_TITLE,创立角色
MSI_REGISTER_ADVENTURER_AGENCY,登录冒险家仲介
MSI_REGISTER_ADVENTURER_AGENCY2,登录冒险家仲介
MSI_STOP_RECRUITING,中断招募
MSI_ADVEN_MEMO,备忘录
MSI_ADVEN_QUEST,任务
MSI_ADVEN_FIELD,野外
MSI_ADVEN_DUNJUN,密穴
MSI_ADVEN_MD,副本
MSI_ADVEN_EDEN_GROUP,伊甸园
MSI_ADVEN_ETC,其他
MSI_ADVEN_SEARCH,搜寻
MSI_ADVEN_RESET,重置
MSI_ADVEN_JOIN_PARTY,申请加入队伍
MSI_ADVEN_PURPOSE,目的
MSI_ADVEN_WARNING_TEXT,※若发现用于粗话、现金交易等违规情事时，将会受到处罚。
MSI_ADVEN_REGISTER,登录
MSI_INCLUDE_BAD_WORD,包含不可使用的文字
MSI_ASK_JOIN,加入队伍
MSI_CHAT_WITH_PARTYMASTER,1:1聊天
MSI_STOP_RECRUITING_PARTY,停止招募
MSI_ADVEN_REWRITE,修正
MSI_ALL_AREA,全部
MSI_REQUEST_PARTY,[%s] 申请加入队伍
MSI_LOGIN,登入
MSI_ACCOUNT,帐号
MSI_EXIT,结束
MSI_APPLY,申请
MSI_CONNECT,登入
MSI_OK,确定
MSI_OTPWND_DESCRIPTION_1,请下载至手机并执行GNJOY MOTP
MSI_OTPWND_DESCRIPTION_2,请输入认证码
MSI_PRIVATE_AIRPLANE_WARNNING_SELECT_NPC,移动至有NPC地图的随机座标
MSI_JOBNAME_TAEKWON,Taekwon
MSI_TO_BLOCK_WHISPER,聊天与讯息已封锁(黑名单)
MSI_TO_BLOCK_WHISPER_FAILED1,申请聊天与讯息封锁失败
MSI_TO_BLOCK_WHISPER_FAILED2,申请聊天与讯息封锁失败(超过人数。)
MSI_TO_UNBLOCK_WHISPER,可进行聊天与讯息(解除黑名单)
MSI_TO_UNBLOCK_WHISPER_FAILED1,申请可进行聊天与讯息失败
MSI_TO_UNBLOCK_WHISPER_FAILED2,申请可进行聊天与讯息失败(超过人数) 。
MSI_NO_BLOCK_LIST,没有黑名单内容
MSI_BLOCK_LIST,-黑名单清单-
MSI_RENEW_QUEST_TAB_PROCESS,进行中
MSI_RENEW_QUEST_TAB_BEST,推荐
MSI_RENEW_QUEST_TAB_HOLD,保留中
MSI_RENEW_QUEST_TITLE,任务
MSI_RENEW_QUEST_DETAIL_DESCRIPTION,内容
MSI_RENEW_QUEST_DETAIL_MONSTER,怪物
MSI_RENEW_QUEST_DETAIL_REWARD,奖励
MSI_RENEW_QUEST_DETAIL_EXP,EXP
MSI_RENEW_QUEST_DETAIL_JEXP,道具
MSI_RENEW_QUEST_DETAIL_ITEM,项目
MSI_RENEW_QUEST_CHECK_TOOTIP1_ITEM,进行/保留
MSI_RENEW_QUEST_CHECK_TOOTIP2_ITEM,移动至下方
MSI_RENEW_QUEST_CHECK_TOOTIP3_ITEM,显示在任务浏览视窗
MSI_OTP_INPUT_TIME,输入时间
MSI_SAVE_ID,储存帐号
MSI_PASSWORD,密码
MSI_ID,帐号
MSI_CREATE_RAG_ACCOUNT,加入会员
MSI_PARTY_MASTER,队长
MSI_CANNOT_APPLY_LEVEL,等级不足以加入队伍
MSI_ADVENTURER_AGENCY_REGIST_FAILED,登录冒险家仲介失败
MSI_ADVENTURER_AGENCY_REGIST_SUCCESSED,登录冒险家仲介成功
MSI_INPUT_SEARCH_TEXT,输入搜寻内容
MSI_ADVEN_TANKER,防御
MSI_BASIC_EXP_ZERO,%.1f%% (+ %s伺服器 %.1f%%)。
MSI_EXPLAIN_CHAT_BLOCK,/ex (角色名称) or /封锁 (角色名称) : 拒绝该角色聊天与讯息。
MSI_EXPLAIN_CHAT_UNBLOCK,/in (角色名称) or /解除 (角色名称) : 允许该角色聊天与讯息。
MSI_EXPLAIN_CHAT_BLOCKLIST,/ex or /封锁 : 封锁对象聊天与讯息角色清单。
MSI_EXPLAIN_CHAT_BLOCK_TO_ALL,/exall or /全部封锁 : 封锁所有人聊天与讯息。
MSI_EXPLAIN_CHAT_UNBLOCK_TO_ALL,/inall or /全部解除 : 允许所有人聊天与讯息。
MSI_REFUSE_CHAT_TO_EVERYONE,拒绝该角色聊天与讯息
MSI_FAILED_TO_ALL_CHAT_PERMIT,申请拒绝该角色聊天与讯息失败
MSI_PERMIT_CHAT_TO_EVERYONE,可与该角色聊天与讯息
MSI_FAILED_TO_ASK_ALL_CHAT,申请与该角色聊天与讯息失败
MSI_OPENING,开场
MSI_DO_YOU_WANT_TO_BACK_LOGINWND,要返回登入画面吗?
MSI_ENST_SHOUT2,力量与攻击力有所提升
MSI_ENST_BLESSING2,已变为天使之赐福状态
MSI_ENST_ANGELUS2,防御力与HP量有所提升
MSI_CASHSHOP_TAB_JELLSTAR,杰勒比宝石
MSI_CASHSHOP_TAB_EFST_AID,帐号Buff
MSI_CASHSHOP_TAB_PREMIUM_SERVICE,月费服务
MSI_REFUSE_RETRY_CONNECT_AC,目前连线延迟中，所有人皆可依序登入，请稍后再试一次。
MSI_REFUSE_RETRY_CONNECT_TC,目前连线延迟中，请稍后再试一次。
MSI_CANNOT_FIND_NAME_THAT_CONTAINS_BADWORDS,无法搜寻含有禁文字的姓名
MSI_THE_PARTY_MASTER_CANNOT_BE_REQUESTED,队长目前无法接受申请
MSI_NO_PARTY_FOUND,找不到队伍
MSI_ADVEN_DEARER,攻击
MSI_WEB_ADDRESS_FOR_RESTART,http://ro.gnjoy.com
MSI_QUESTWND_HIGHER,▲
MSI_QUESTWND_LOWER,▼
MSI_FRIEND_ALREADY_FRIEND,已是好友
MSI_FRIEND_CAN_NOT_FIND,搜寻不到对方
MSI_FRIEND_ALREADY_JOINING,已经有其他角色邀请好友中
MSI_SPRITEMABLE_ON,显示灵魂魔珠 ON
MSI_SPRITEMABLE_OFF,显示灵魂魔珠 OFF
MSI_BAN_BLOCK_CHARCTER_SERVER_SECOND_PASSWORD,因该帐号输入二次密码错误而无法登入。\n %02d小时%02d分后将解除，请前往官网-> 变更个人资讯 -> 二次密码进行本人认证解除限制后再进行游戏。
MSI_SECOND_PASSWORD_INFO_5,密码错误3次以上，为了保护帐号安全，24小时之内无法登入游戏。\n 若要解除限制请至官网 -> 个人资料变更 -> 请在2次密码透过本人认证后进行。
MSI_CHECK_ATTENDANCE_RODEX_SENDER,GM
MSI_CHECK_ATTENDANCE_RODEX_CONTENTS,第%d天打卡奖励已发送
MSI_ACCOUNTLINKEDUSERDATA_LOAD_FAIL,账号设定数据读取中出现了错误( 重试需要重新开启游戏 )
MSI_USESKILL_FAIL_NOT_PARTY_MEMBER,该技能可在组队时使用
MSI_ADVENTURER_AGENCY_RECRUIT_STOP,冒险家招募关闭。
MSI_CANNOT_OFFER_GUILD_EXP_MAX_RATE,公会缴纳经验值上限为%d%%。
MSI_CANNOT_OFFER_GUILD_EXP_MAX_LEVEL,公会等级已达上限，无法再缴纳经验值。
MSI_FORCED_WEB_LOGIN,为保护帐号安全，未使用MOTP玩家仅可登入官网。\n请登入官网。
MSI_INC_ATTACKDAMAGE_ABILITYPOWER,物理和魔法攻击力暂时提升
MSI_DEC_ATTACKDAMAGE_ABILITYPOWER,物理和魔法攻击力回到原先水平
MSI_CHECK_ATTENDANCE_REWARD,%s 打卡奖励
MSI_CHECK_ATTENDANCE_DATE_INFO,活动期间 : %02d月 %02d日 ~ %02d月 %02d日 24:00止
MSI_CHECK_ATTENDANCE_DATE_COUNT,第%d天
MSI_CHECK_ATTENDANCE_CHECK_BEFORE,第%d天打卡\n请点击~!
MSI_CHECK_ATTENDANCE_CHECK_AFTER,第%d天打卡成功!
MSI_CHECK_ATTENDANCE_DDAY,D-day
MSI_DATE_DAY,天
MSI_CHECK_ATTENDANCE_FAIL_RESTART,打卡失败，请再次执行。
MSI_CHECK_ATTENDANCE,打卡
MSI_CHECK_ATTENDANCE_NOT_EVENT,目前并不是打卡活动期间
MSI_CAN_NOT_OFFER_EXP_TO_GUILD_MAX_LV,公会缴纳经验值已满，无法继续累积公会经验值了
MSI_CAN_NOT_OFFER_EXP_TO_GUILD_MAX_EXP,个人缴纳经验值已满，无法继续累积公会经验值了
MSI_MESSAGEWND_TITLE,死亡讯息
MSI_SEND_TO_TWITTER_FAILED,于Twitter发送讯息失败。
MSI_KEYWORD_FILTER,请输入英文4个字、中文2个字以上。
MSI_DISABLE_TAMINGMONSTER_MAP,是无法认养魔物的地区。
MSI_RANK_LOADING,读取排名中...
MSI_USESKILL_FAIL_NOT_PARTY_MASTER,该技能只限队长使用。
MSI_USESKILL_FAIL_ENSEMBLE_PARTYNER,队员的SP不足或属无法发动技能的状态
MSI_STORE_ASSISTANT_TRADE_FORCED_REMOVAL_TITLE,强制终止离线露天商店提醒邮件
MSI_STORE_ASSISTANT_TRADE_FORCED_REMOVAL_CONTENT,您好，这里是营运团队。\r\n因该离线露天商店违反营运政策属实，已强制终止。\r\n若欲进一步确认，请洽询客服中心。\r\n谢谢!
MSI_CAN_NOT_OFFER_EXP_LIMIT_RATE,不能输入50%以上的值
MSI_CANNOT_CHANGE_PARTYMASTER,队伍已註册冒险家仲介中心，无法变更队长。
MSI_CANNOT_REGISTER_PARTY,队伍无法註册冒险家仲介中心
MSI_ACCEPT,同意
MSI_REFUSE,拒绝
MSI_ADVEN_HEALER,恢复
MSI_CANNOT_FIND_REQUEST_USER,搜寻不到该角色
MSI_STORE_ASSISTANT_TRADE_FORCED_REMOVAL,强制拆除露天商店
MSI_CANNOT_FIND_PARTYMASTER,搜寻不到该队伍的队长
MSI_CANNOT_JOIN_PARTY_BECAUSE_LOW_LEVEL,JobLv过低而无法加入队伍
MSI_INVALID_MAPPROPERTY_REQUEST_USER,当前申请人的所在地无法加入队伍
MSI_EXCEEDED_NUMBER_OF_PARTYMEMBERS,队员人数已超额
MSI_JOIN_ACCEPT,%s 队伍的队长同意加入队伍
MSI_JOIN_REFUSE,%s 队伍的队长拒绝加入队伍
MSI_ALREADY_JOINED_REQUEST_USER,%s 已经加入队伍中
MSI_JOIN_ACCEPT_REQUEST_USER,同意 %s 加入队伍
MSI_JOIN_REFUSE_REQUEST_USER,拒绝 %s 加入队伍
MSI_REQUEST_REJECTED_BECAUSE_INVALID_MAPPROPERTY,由于无法接受队伍申请，所以 %s 的申请被拒绝。
MSI_ADVENTURER_AGENCY_LIST,冒险家仲介清单
MSI_REQUEST_JOIN_PARTY,申请加入队伍
MSI_NOT_PARTYMASTER_CANNOT_REGISTER_ADVENTURER_AGENCY,如果不是队长，就不能在冒险家仲介中登录队伍。
MSI_ADVENTURER_AGENCY_RECRUIT_STOP_FAILED,无法中断招募队伍
MSI_ADVEN_ASSIST,辅助
MSI_EXPAND_SIGHT_OPTIONWND,Zoom Out
MSI_EXPAND_SIGHT_HELP,%s : 可以开关Zoom Out On Off
MSI_EXPAND_SIGHT_ON,开启Zoom Out 功能 (On)
MSI_EXPAND_SIGHT_OFF,关闭Zoom Out 功能 (Off)
MSI_EXPAND_SIGHT,/zoom
MSI_ADVENTURER_AGENCY,冒险家仲介
MSI_CANNOT_ASK_TO_JOIN_PARTY,队长无法申请加入
MSI_CHECK_LEVEL_BEFORE_REGISTER_AGENCY,加入队伍的最高等级必须高于最低等级设定
MSI_CANNOT_MORE_SELECT_JOB,无法再选择职业
MSI_D0_NOT_RECEIVE_THE_USER_REQUEST_TODAY,游戏中不接受该玩家的加入申请(客户端结束前有效)
MSI_PLEASE_REOPEN_LISTWND_AFTER_A_WHILE,请稍后再开启
MSI_BEFORE_SIEGE_BLOCKMOVE_TIME,攻城开始前%d分之内无法使用该功能
MSI_EXPAND_OBJALPHA,/viewclear
MSI_HALFALPHAOBJ_ON,建筑物半透明化 ON
MSI_HALFALPHAOBJ_OFF,建筑物半透明化 OFF
MSI_GRAPHIC_SETTING_OBJALPHA,建筑物透明化
MSI_FAILED_PET_TO_EGG_CLOSE_RODEX,恢复魔物蛋失败，请关闭RODEX视窗
MSI_EMBLEM_FRAME,是否开启公会图框
MSI_EMBLEM_FRAME_DRAW_ON,画公会图框
MSI_EMBLEM_FRAME_DRAW_OFF,不画公会图框
MSI_USESKILL_FAIL_NEED_EQUIPPED_WEAPONE,没有装备的武器
MSI_USESKILL_FAIL_EMPTY_SOUL_ENERGY,灵魂能量不足
MSI_ADDSKILL_FAIL_INCLUDE_SKILL_YOU_CANNOT_LEARN,还未习得进阶技能(%s)，无法学习此技能
MSI_DRAW_EMBLEM_FRAME_ONOFF,/frame
MSI_USESKILL_FAIL_GC_WEAPONBLOCK_ON,该技能仅能在武器抵御-还击状态发动时可使用
MSI_REFUSE_LOGIN_AUTH,帐号或密码错误
MSI_RUSSIA_PERSONALINFO_EXP,E X P : %.1f%% ( basic 100.0%% %s %.1f%%)。
MSI_RUSSIA_PERSONALINFO_DROP,DROP  : %.1f%% ( basic 100.0%% %s %.1f%%)。
MSI_RUSSIA_PERSONALINFO_DEATH,DEATH : %.1f%% ( basic 100.0%% %s %.1f%%)。
MSI_RUSSIA_CHAR_NAME_RULES,只能单独使用英文或中文
MSI_REFUSE_LOGIN_ACCESSTICKET,you must have an AccessTicket to login
MSI_ITEMSTORE_DOWNLOADING,读取中
MSI_ITEMSTORE_NOW_LOADING,NOW LOADING..
MSI_RODEX_BUTTON_DELETE,删除
MSI_RODEX_BUTTON_ANSWER,回覆
MSI_RODEX_BUTTON_SEND,传送
MSI_RODEX_BUTTON_CONFIRM_ID,名字确认
MSI_RODEX_TAB_ADMIN,系统
MSI_RODEX_TAB_DEFAULT,个人
MSI_RODEX_TAB_RETURN,退回
MSI_RODEX_TAB_SEARCH,搜寻
MSI_FAILED_PET_AUTO_FEEDING_BY_ITEMACTION,宠物喂食失败，处于无法进食的状态。
MSI_FAILED_HOMUN_AUTO_FEEDING_BY_ITEMACTION,生命体喂食失败，处于无法进食的状态。
MSI_MSI_INVENTORY_TABNAME_4,货币
MSI_BARTERITEM_NAME_COUNT,%s %d个
MSI_EXCHANGED_FAILED,兑换失败
MSI_EXCHANGED_SUCCEEDED,兑换成功
MSI_NO_ITEM_FOR_EXCHANGE,兑换失败
MSI_ITEM_OUT_OF_STOCK,已出售该道具，存量不足。
MSI_DEAD,死亡
MSI_PVP,PvP
MSI_INVENTORY_EXTEND_OF_BODYITEM,背包数量扩充
MSI_INVENTORY_EXTEND,你要使用^0000ff%s^000000来扩充背包的最大格数吗? \n会从(^0000ff%d^000000)扩充至(^0000ff%d^000000)。\n^ff0000※已使用的道具及扩充的最大格数无法还原。^000000
MSI_INVENTORY_EXTEND_FAILED,背包数量扩充失败了。
MSI_INVENTORY_EXTEND_FAILED_ANOTHER_WORK,若想进行背包数量扩充，必须先结束其他作业。
MSI_INVENTORY_EXTEND_FAILED_NO_ITEM,你身上并没有背包数量扩充所需的道具。
MSI_INVENTORY_EXTEND_FAILED_MAX_OVER,不能再使用背包数量扩充了。
MSI_INVENTORY_EXTEND_SUCCESS,背包数量扩充成功了。
MSI_LIMIT_BUY_ITEM3,相同道具不能持有 %d个以上
MSI_EXCEED_LIMITED_ITEMNUM,因超过负重量而无法购买。
MSI_BUY_ONE_AT_A_TIME,该道具一次限购一个。
MSI_STAR_EMPEROR,拳皇
MSI_SOUL_REAPER,猎灵士
MSI_SAVE_HOTKEY_TO_SERVER,所设定的内容在正常关闭后会储存于伺服器上。
MSI_TRANSLATE_CAPTURE_MONSTER,Capture Monster
MSI_TRANSLATE_MESSAGE,message
MSI_TRANSLATE_TITLE,TITLE
MSI_EXTEND_DAMAGE_RANGE,放大伤害标示
MSI_SHOW_NAME_OF_ENTERED_MAP,地图名称显示
MSI_SYSTEM_MSG_MERCHANTSHOP,系统讯息: 目前浏览露天商店功能为%s状态。(/浏览露天商店)
MSI_VSYNC,垂直同步
MSI_WEBSITE_LINK_BTN_TOOLTIP,资料
MSI_WEBSITE_LINK_ADDRESS,http://rodata.zhaouc.com/renwu.html
MSI_OUTSIDE_CASHSHOP_BTN_TOOLTIP,动作
MSI_LIMIT_FRAME,框架限制
MSI_USESKILL_FAIL_OVER_INSTALLATION,超过%d个时无法再安装
MSI_NAVIGATION_DESTINATION,目的地
MSI_EMBLEM_UPLOAD_FAILED_BUSY,请稍后在试
MSI_EMBLEM_REGIST_FAILED_INCORRECT_SIZE,无法上传的档案
MSI_RODEX_BUTTON_DELETE_SELECTED,选取删除
MSI_RODEX_BUTTON_DELETE_ALL,全部删除
MSI_RODEX_MESSAGE_DELETE_ALL,[%s]确定要删除信箱里的全部邮件吗?
MSI_RODEX_BUTTON_RECEIVE_SELECTED,选择领取
MSI_RODEX_BUTTON_RECEIVE_ALL,全部领取
MSI_RODEX_MESSAGE_RECEIVE_SELECTED,你要领取所选邮件里的夹带物品吗?
MSI_RODEX_MESSAGE_RECEIVE_ALL,[%s]你要领取信箱里的全部夹带物品吗?
MSI_HOTKEYWND_SKILLBAR2,快捷键2
MSI_CHANGE_SKILLBER,更换快捷键
MSI_HOTKEYGUIDEWND_LEFT,左
MSI_HOTKEYGUIDEWND_UP,上
MSI_HOTKEYGUIDEWND_RIGHT,右
MSI_HOTKEYGUIDEWND_DOWN,下
MSI_HOTKEYGUIDEWND_APPS,Fn
MSI_HOTKEYGUIDEWND_BACK,Del
MSI_WARNINGMSG_LOADING,请稍候
MSI_USESKILL_FAIL_SPELLBOOK_NONE,魔法保存不足无法释放。
MSI_USE_WORLDMAP_WITH_PERIOD_MSG1,移动时无法兑换使用的道具
MSI_USE_WORLDMAP_WITH_PERIOD_MSG2,已购买无限移动券
MSI_USE_WORLDMAP_WITH_PERIOD_MSG3,使用无限移动券时不消耗相关道具
MSI_BTN_MESSAGE_APPLY,套用
MSI_BTN_MESSAGE_STOP,终止
MSI_USE_WORLDMAP_WITH_PERIOD_MSG4,无限移动券
MSI_USE_WORLDMAP_WITH_PERIOD_MSG5,使用%d小时、%s %d个。
MSI_USE_WORLDMAP_WITH_PERIOD_MSG6,一票到底券使用中
MSI_ADVANCED_STATUS,特性素质:
MSI_DESC_POW,"POW素质\n^cc0000物理攻击力,特性物理攻击力^ffffff增加。"
MSI_DESC_STA,STA素质\n^cc0000物理抗性^ffffff增加。
MSI_DESC_WIS,WIS素质\n^cc0000魔法抗性^ffffff增加。
MSI_DESC_SPL,"SPL素质\n^cc0000魔法攻击力,特性魔法攻击力^ffffff增加。"
MSI_DESC_CON,"CON素质\n^cc0000命中率,迴避率,特性物理/魔法攻击力^ffffff增加。"
MSI_DESC_CRT,"CRT素质\n^cc0000特性治癒恢复量,暴击伤害比例^ffffff增加。"
MSI_DESC_ADV_STATUS_POWER_ATK,特性物理攻击力
MSI_DESC_ADV_STATUS_SPELL_MATK,特性魔法攻击力
MSI_DESC_ADV_STATUS_STAMINA_RESIST,物理抗性
MSI_DESC_ADV_STATUS_WISDOM_MRESIST,魔法抗性
MSI_DESC_ADV_STATUS_CREATIVE_HEALPULS,特性治癒恢复量
MSI_DESC_ADV_STATUS_CREATIVE_CRIDAMAGE_RATE,暴击伤害比例
MSI_DESC_ADV_POINT,特性素质升等级时所使用的配点
MSI_BASICINFO_JOBLEVEL2,J.Lv
MSI_BASICINFO_AP,AP
MSI_GUILD_AGIT_MOVE_AGIT,前往领地
MSI_GUILD_AGIT_INVESTMENT_INFO,确认商业值/防御值
MSI_GUILD_AGIT_ARE_YOU_MOVE_AGIT,要移动至管理领地 %s 吗? \n 每次移动时消耗 %d Zeny。\n (攻城战时间消耗 %d Zeny)。
MSI_GUILD_AGIT_SHOW_INVESTMENT_INFO,\n管理领地 %s \n 防御值: %d / %d \n 商业值: %d / %d
MSI_GUILD_AGIT_MOVE_FAIL_MAP,攻城领地中不可使用。
MSI_NOT_LEARN_BASIC_SKILL,未学习基本功能技能的角色
MSI_BAN_IP_BLOCK_FOR_ZERO,连线IP无法使用Ragnarok : Zero，\n请洽询客服中心或官网。
MSI_TOOLTIP_OF_OPTIONOFF_BTN,放弃/解除
MSI_MCSTORE_BACKUP,读取
MSI_MCSTORE_BACKUP_TOOLTIP,读取之前于露天商店登录的道具资讯
MSI_BAN_LOGIN_IS_RESTRICTED,因伺服器问题而无法登入
MSI_GUILD_AGIT_AGIT_MESSAGE,讯息
MSI_WARNING_UNDER_AGE_MSG1,限18岁以上才能使用
MSI_WARNING_UNDER_AGE_MSG2,不建议进行3小时以上游戏
MSI_USESKILL_FAIL_AP_INSUFFICIENT,AP不足
MSI_LAPINE_FAIL_REFINING_LEVEL_OVERFLOW_NEEDED,因精炼值过高而无法组合
MSI_LAPINE_WARNING_REFINING_LEVEL_HIGHER_THAN_NEEDED,精炼值高于组合所需要求值
MSI_LAPINE_WARNING_HAS_CARD_OR_ENCHANTED,已插卡或附魔
MSI_ITEM_COUNT_INFINITY,∞
MSI_ITEMSHOP_CURRENCY,Z
MSI_PURCHASEWND_TOTAL,Total : %s Zeny。
MSI_ACCOUNT_LIMITED_TOOL_TITLE,帐号限定销售登录视窗
MSI_ACCOUNT_LIMITED_DB_NAME,道具DB名称
MSI_ACCOUNT_LIMITED_TOOL_DB_NUMBER,道具DB编号
MSI_ACCOUNT_LIMITED_TOOL_SELL_COUNT,销售数量
MSI_ACCOUNT_LIMITED_TOOL_SELL_STARTTIME,销售开始时间
MSI_ACCOUNT_LIMITED_TOOL_SELL_ENDTIME,销售结束时间
MSI_ACCOUNT_LIMITED_SALE_ITEM,活动限定
MSI_ACCOUNT_LIMITED_SALE_ITEM_START_DATE,销售期间 : %d月%d日%d时%d分。
MSI_ACCOUNT_LIMITED_SALE_ITEM_NUM,各帐号可购买
MSI_ACCOUNT_LIMITED_SALE_ITEM_LIMIT_NUM,限量%d个
MSI_ACCOUNT_LIMITED_TOOL_RESULT_FORMAT,>> ItemName : %s / 数量 : %d / 销售期间 : %d月:%d日:%d时:%d分 ~ %d月:%d日:%d时:%d分。
MSI_ACCOUNT_LIMITED_SALE_ITEM_SOLD_OUT,Sold Out
MSI_MAP_PROPERTY_DISABLE_CALLED,[%s]位于目前无法召唤的地区
MSI_ACCOUNT_LIMITED_SALE_ITEM_NEXT_DATE,~ %d月%d日%d时%d分
MSI_ACCOUNT_LIMITED_SALE_ITEM_DONT_MOVE_CART,无法再追加商品
MSI_CANNOT_EXCHANGE_ITEMS,请卸下武器上的器械
MSI_QUIT_EXIT_AFTER_GUILD_CLOSE,使用公会仓库时无法回到角色选单。
MSI_HAVE_ITEMTAG,因道具包含标签而无法使用
MSI_MONSTER_MONSTERINFO,Monster
MSI_UNKNOWN_MONSTERINFO,Unknown
MSI_UNDEAD_MONSTERINFO,Undead
MSI_ANIMAL_MONSTERINFO,Animal
MSI_PLANT_MONSTERINFO,Plant
MSI_INSECT_MONSTERINFO,Insect
MSI_MARINE_MONSTERINFO,Marine
MSI_DEVIL_MONSTERINFO,Devil
MSI_HUMAN_MONSTERINFO,Human
MSI_ANGEL_MONSTERINFO,Angel
MSI_DRAGON_MONSTERINFO,Dragon
MSI_NC_CASH_INNOVA,Balance: %s %c
MSI_BUY_RECONFIRM_CASHSTRINGFMT,^ff0000购买本道具后有七天的犹豫期，过七天或使用道具后就不能取消或退费另外购买时所使用的卡普拉点数也不会退还^000000你确定要购买吗?购买后会扣除点数%d点。
MSI_BUY_RECONFIRM2_CASHSTRINGFMT, ^ff0000购买本道具后有七天的犹豫期，过七天或使用道具后就不能取消或退费另外购买时所使用的卡普拉点数也不会退还^000000你确定要购买吗?购买后会扣除点数%d点、卡普拉点数%s点。
MSI_CALL_REJECTED,被拒绝呼叫
MSI_BUYINGSTORE_MAKEWND_LIMITZENY_NOT_OVER_MYMONEY,购买限额不得超过持有金额。
MSI_BUYINGSTORE_MAKEWND_FAIL_CLOSE_UI,开启露天商店失败，请关闭开设收购露天商店。
MSI_SAVE_SELL_STORE_ITEMLIST,已储存销售露天商店道具清单
MSI_SAVE_BUY_STORE_ITEMLIST,已储存收购露天商店道具清单
MSI_REFUSE_VTC_AUTH_FAILED,VTC认证失败
MSI_EQUIP_FAIL_DURING_BARTER,"在兑换过程中,不可更换武器/装备。"
MSI_BARTER_ITEMLIST,兑换项目
MSI_UPGRADESKILLERROR_MORE_THIRDJOBSKILL,请再提升一转、二转、三转职业技能%d个。
MSI_LIMIT_HAVE_ITEM_CNT,最多可持有%d个相同道具
MSI_EXCHANGE_ITEM_CNT,一次最多可兑换%d个相同道具
MSI_GLOBALRODEX_NOT_ABLE_TO_OPEN_MAIL_IN_CUR_SERVER,"该RODEX可在\""%s\""伺服器上开启。"
MSI_GLOBALRODEX_MESSAGE_DELETE_ALL_ON_ADMIN,"[系统]确定要删除信箱里的全部邮件吗? \n(仅能删除该\""%s\""伺服器的邮件)"
MSI_GLOBALRODEX_MESSAGE_RECEIVE_ALL,"[系统]你要领取信箱里的全部附件吗? \n(仅能领取该\""%s\""伺服器邮件里的夹带物品)"
MSI_GLOBALRODEX_REFUSE_DELETING,"该邮件仅能在\""%s\""伺服器上删除。"
MSI_GLOBALRODEX_REFUSE_RECEIVING,"该邮件仅能在\""%s\""伺服器上领取物品。"
MSI_GLOBALRODEX_REFUSE_READING,"该邮件仅能在\""%s\""伺服器上阅览内容。"
MSI_TOTAL_NEED_MONEY,总计 : %d z。
MSI_NORMAL_MESSAGEBOX_CAPTION,信息
MSI_RESTRICT_OPENING_BUYINGSTORE_FAIL_OPEN_BUYINGSTORE,在开设采购商店时，不得购买个人商店的物品。
MSI_ITEM_GRADE_ENCHANT_SUCCEESS,强化等级成功
MSI_ITEM_GRADE_ENCHANT_FAIL,强化等级失败
MSI_ITEM_GRADE_ENCHANT_FAIL_DOWNGRADE,等级数值已向下调整
MSI_ITEM_GRADE_ENCHANT_FAIL_BREAK,装备已损坏
MSI_ITEM_GRADE_ENCHANT_FAIL_PROTECT,已保护装备
MSI_GRADE_ENCHANT_SOURCE_NOT_SELECT,未选择材料
MSI_GRADE_ENCHANT_SOURCE_ENOUGH,材料不足
MSI_GRADE_ENCHANT_MONEY_ENOUGH,持有金额不足
MSI_GRADE_ENCHANT_INVENTORY_ENOUGH,总重量超过70%或背包空间不足。
MSI_GRADE_ENCHANT_ITEM_PROTECT,已保护装备
MSI_GRADE_ENCHANT_ITEM_NOT_PROTECT,失败时装备损坏
MSI_GRADE_ENCHANT_ITEM_DOWNGRADE,强化等级失败时等级会下降
MSI_CLOSE_RODEX_FOR_GRADE_ENCHANT,强化等级中无法使用RODEX，已强制终止RODEX。
MSI_CANNOT_OPEN_RODEX_DURING_GRADE_ENCHANT,强化等级中无法使用RODEX 
MSI_CLOSE_BANKING_FOR_GRADE_ENCHANT,强化等级中无法使用银行，已强制终止银行。
MSI_CANNOT_OPEN_BANKING_DURING_GRADE_ENCHANT,强化等级中无法使用银行
MSI_BROADCASTING_GRADE_ENCHANT_SUCCESS,[%s]强化等级成功，已获得[%s等级%s]道具。
MSI_BROADCASTING_GRADE_ENCHANT_FAIL,[%s][%s等级%s]道具强化等级失败。
MSI_CANNOT_GRADE_ENCHANT_ITEM,无法强化等级的装备
MSI_CHANGE_MATERIAL,素材变化
MSI_CHANGE_MATERIAL_SORT,按字母序排列
MSI_CHANGE_MATERIAL_MESSAGE,※制作[%s] %d~%d个
MSI_CHANGE_MATERIAL_SUCCESS_RATE,成功%d%%
MSI_MSG_IS_ILLEGAL_TAG_MSG,仅可标註持有的道具
MSI_IQ_POWERFUL_FAITH_ON,已增加攻击力及特性攻击力
MSI_IQ_POWERFUL_FAITH_OFF,已解除坚毅信念效果
MSI_IQ_FIRM_FAITH_ON,已增加HP及物理抵抗力
MSI_IQ_FIRM_FAITH_OFF,已解除坚定信念效果
MSI_IQ_SINCERE_FAITH_ON,已增加攻击速度及诱导攻击机率
MSI_IQ_SINCERE_FAITH_OFF,已解除真诚信念效果
MSI_CD_BENEDICTUM_ON,POW、CRT、CON 增加了。
MSI_CD_BENEDICTUM_OFF,已解除祝福赞歌效果
MSI_CD_RELIGIO_ON,SPL、WIS、STA 增加了。
MSI_CD_RELIGIO_OFF,全心奉献效果已解除。
MSI_CD_COMPETENTIA_ON,特性攻击力和特性魔法攻击力增加了。
MSI_CD_COMPETENTIA_OFF,神圣权能效果已解除。
MSI_CD_PRESENS_ACIES_ON,暴击伤害比例增加。
MSI_CD_PRESENS_ACIES_OFF,爆裂圣光效果已解除。
MSI_CD_ARGUTUS_TELUM_ON,赋予无视物理抗性的效果。
MSI_CD_ARGUTUS_TELUM_OFF,神圣防护效果已解除。
MSI_CD_ARGUTUS_VITA_ON,赋予无视魔法抗性的效果。
MSI_CD_ARGUTUS_VITA_OFF,光耀天命效果已解除。
MSI_ITEMNUM_AND_WEIGHT,Num: %d/%d Weight: %d/%d。
MSI_DK_SERVANTWEAPON_OFF,死侍武器效果已解除。
MSI_DK_CHARGINGPIERCE_OFF,已解除蓄力刺击效果
MSI_DK_VIGOR_OFF,活力之源效果已解除。
MSI_IG_ATTACK_STANCE_ON,攻击力增加，防御力减少。
MSI_IG_ATTACK_STANCE_OFF,已解除攻击架式效果
MSI_IG_GUARD_STANCE_ON,防御力增加，攻击力减少。
MSI_IG_GUARD_STANCE_OFF,已解除防御架式效果
MSI_IG_GUARDIAN_SHIELD_ON,已赋予御敌屏障
MSI_IG_GUARDIAN_SHIELD_OFF,已解除守护神盾效果
MSI_IG_REBOUND_SHIELD_ON,受到牺牲效果的伤害减少
MSI_IG_REBOUND_SHIELD_OFF,已解除回弹神盾效果
MSI_IG_HOLY_SHIELD_ON,已增加圣属性魔法伤害和抗暗/不死属性。
MSI_IG_HOLY_SHIELD_OFF,已解除抗性圣盾效果
MSI_IG_ULTIMATE_SACRIFICE_ON,已赋予立即复活效果
MSI_IG_ULTIMATE_SACRIFICE_OFF,已解除终极牺牲效果
MSI_AG_CLIMAX_ON,特定技能的效果已变更
MSI_AG_CLIMAX_OFF,已解除魔力巅峰效果
MSI_SHC_SHADOW_EXCEED_ON,特定技能的效果已变更
MSI_SHC_SHADOW_EXCEED_OFF,已解除魅影强化效果
MSI_SHC_POTENT_VENOM_ON,已赋予无视物理抵抗力效果
MSI_SHC_POTENT_VENOM_OFF,强效毒液效果已解除
MSI_SHC_ENCHANTING_SHADOW_ON,每次攻击时，有机率增加目标所受的伤害。
MSI_SHC_ENCHANTING_SHADOW_OFF,已解除迷惑魅影效果
MSI_HUNTING_QUEST_INFO_ON,讨伐计次 On
MSI_HUNTING_QUEST_INFO_OFF,讨伐计次 Off
MSI_TARGET_AP_MAX,目标AP为最大值
MSI_BUY_RECONFIRM1_2019, ^ff0000购买本道具后有七天的犹豫期，过七天或使用道具后就不能取消或退费另外购买时所使用的卡普拉点数也不会退还部分(活动)道具将于活动结束后删除，请确认道具说明中註明之删除时间^000000你确定要购买吗?购买后会扣除点数%d点
MSI_BUY_RECONFIRM2_2019,^ff0000购买本道具后有七天的犹豫期，过七天或使用道具后就不能取消或退费另外购买时所使用的卡普拉点数也不会退还部分(活动)道具将于活动结束后删除，请确认道具说明中註明之删除时间^000000你确定要购买吗?购买后会扣除点数%d点、卡普拉点数%s点
MSI_FAIL_EMPTY_SERVANTWEAPON,需要死侍武器 %d个。
MSI_BILLING_INFO_URL,https://member.gnjoy.com.tw/billing.aspx
MSI_CHANGE_MATERIAL_INVSORT,倒序排列
MSI_CHANGE_MATERIAL_SEARCHTEXT,输入关键字
MSI_SEARCH,搜寻
MSI_BO_RESEARCHREPORT_ON,已为调查报告状态
MSI_BO_RESEARCHREPORT_OFF,已解除调查报告状态
MSI_BO_BIONIC_PHARMACY_OK,制造成功
MSI_BO_BIONIC_PHARMACY_FAIL,制造失败
MSI_BO_ADVANCE_PROTECTION_ON,影子装备在破坏或解除中受到了保护。
MSI_BO_ADVANCE_PROTECTION_OFF,全影金钟罩已解除。
MSI_BO_HELLTREE_ON,对植物型、无形怪的伤害增加
MSI_BO_HELLTREE_OFF,已解除地狱树粉效果
MSI_MT_A_MACHINE_ON,攻击装置已开启。
MSI_MT_A_MACHINE_OFF,攻击装置已解除。
MSI_MT_D_MACHINE_ON,防御装置已开启。
MSI_MT_D_MACHINE_OFF,防御装置已解除。
MSI_CASHSHOP_TAB_SEARCH,搜寻
MSI_TR_KVASIR_SONATA_ON,可单独使用合奏。
MSI_TR_KVASIR_SONATA_OFF,克瓦希尔的智慧消失了。
MSI_TR_MYSTIC_SYMPHONY_ON,神秘交响曲效果已赋予。
MSI_TR_MYSTIC_SYMPHONY_OFF,神秘交响曲效果已消失。
MSI_TR_GEF_NOCTURN_ON,魔法抗性降低了。
MSI_TR_GEF_NOCTURN_OFF,葛帔尼亚夜曲效果已解除。
MSI_TR_AIN_RHAPSODY_ON,物理抗性降低了。
MSI_TR_AIN_RHAPSODY_OFF,矿工狂想曲状态已解除。
MSI_TR_MUSICAL_INTERLUDE_ON,物理抗性增加了。
MSI_TR_MUSICAL_INTERLUDE_OFF,音乐剧插曲状态已解除。
MSI_TR_JAWAII_SERENADE_ON,特性魔法攻击力和移动速度增加了。
MSI_TR_JAWAII_SERENADE_OFF,暮色小夜曲效果已解除。
MSI_TR_PRON_MARCH_ON,特性物理攻击力和移动速度增加了。
MSI_TR_PRON_MARCH_OFF,普隆德拉进行曲效果已解除。
MSI_WH_CALAMITYGALE_ON,风灵之怒流向了施法者
MSI_WH_CALAMITYGALE_OFF,已解除愤怒暴风状态
MSI_WH_WIND_SIGN_ON,弱点和外表被风暴露出来
MSI_WH_WIND_SIGN_OFF,已解除八风标记效果
MSI_THAI_PERSONALINFO_EXP2,E X P : %.1f%% ( basic 100.0%% %s %.1f%%)。
MSI_THAI_PERSONALINFO_DROP2,DROP  : %.1f%% ( basic 100.0%% %s %.1f%%)。
MSI_THAI_PERSONALINFO_DEATH2,DEATH : %.1f%% ( basic 100.0%% %s %.1f%%)。
MSI_EM_SPELL_ENCHANTING_ON,已增加特性魔法攻击力
MSI_EM_SPELL_ENCHANTING_OFF,已解除咒力赋予效果
MSI_ABC_FROM_THE_ABYSS_OFF,已解除万丈深渊效果
MSI_ABC_ABYSS_SLAYER_ON,已增加特性物理攻击力，特性魔法攻击力及命中率。
MSI_ABC_ABYSS_SLAYER_OFF,已解除深渊杀手效果
MSI_CHARACTER_MAKING_RESTRICT,角色生成可能有限制
MSI_BAN_THAI_GGT_RESTRICTED_MAKE_CHAR,该地区已呈现满载状态，请利用其它地区。
MSI_UNBLOCK_CHAT,解除封锁聊天(解除拒收通知)。
MSI_BLOCK_CHAT,封锁聊天(拒收通知)。
MSI_GRADE_ENCHANT_REFINING_LEVEL_LACK,未达成强化等级条件(精炼+11)。
MSI_GRADE_ENCHANT_ITEM_UNBREAKABLE,失败时装备不会损坏。
MSI_GRADE_ENCHANT_ADDITIONAL_SOURCE_NOT_SELECT,尚未套用辅助材料，\n你确定要继续强化吗?
MSI_CHEAT_HASHFILE,客户端档案被窜改
MSI_GUILD_AGIT_TITLE,讯息
MSI_MERCHANTSHOP_TOTA_LOVER_ZENY_ERR,所售物品售价总和与身上Zeny数量加总超过Zeny所能持有上限。\n请修改数量和价格。
MSI_REPUTE_WND,声望现况
MSI_REPUTE_POINT,%u / 1000 P
MSI_REPUTE_TOTAL,全部
MSI_REPUTE_NOW_LOADING,NOW LOADING…
MSI_GRADE_ENCHANT_ADDITIONAL_SOURCE_RESET,辅助材料选择已重置
MSI_ENCHANT,附魔
MSI_ENCHANT_TAB_GENERAL,一般
MSI_ENCHANT_TAB_PERFECT,指定
MSI_ENCHANT_TAB_UPGRADE,升阶
MSI_ENCHANT_TAB_RESET,重置
MSI_ENCHANT_FAILED_OVER_WEIGHT,总重量超过70%。
MSI_ENCHANT_RANDOM_BUTTON,随机赋予附魔
MSI_ENCHANT_PERFECT_BUTTON,指定赋予附魔
MSI_ENCHANT_UPGRADE_BUTTON,升阶附魔
MSI_ENCHANT_RESET_BUTTON,重置附魔
MSI_CLOSE_RODEX_FOR_ENCHANT,附魔中不可使用Rodex，将强制结束Rodex。
MSI_CANNOT_OPEN_RODEX_DURING_ENCHANT,附魔中不可使用Rodex。
MSI_CLOSE_BANKING_FOR_ENCHANT,附魔中不可使用银行，将强制结束银行。
MSI_CANNOT_OPEN_BANKING_DURING_ENCHANT,附魔中不可使用银行。
MSI_ENCHANT_REQUEST,你确定要进行附魔吗?
MSI_ITEM_REFORM_OK,制作
MSI_ITEM_REFORM_WARNNING_NOT_ENOUGH_MATERIAL,组合所需的材料不足
MSI_ITEM_REFORM_WARNNING_CARD_ENCHANT_LOST,已插卡片道具和附加的附魔会消失
MSI_ITEM_REFORM_WARNNING_CARD_MAYBE_LOST,已插卡片道具会消失
MSI_ITEM_REFORM_WARNNING_ENCHANT_MAYBE_LOST,已附加的附魔会消失
MSI_HIDE_PLAYER_ON,视窗内其他玩家半透明 ON
MSI_HIDE_PLAYER_OFF,视窗内其他玩家半透明 OFF
MSI_ITEM_REFORM_CONFIRM_DETAILS,确认细节
MSI_ITEM_REFORM_PLZ_CHECK_DETAILS,请确认细节
MSI_ITEM_REFORM_NO_EXIST_TARGET_ITEM,没有可组合的道具
MSI_ENCHANT_SUCCESS,附魔成功!
MSI_ENCHANT_FAILED,附魔失败!
MSI_CANNOT_FIND_ENCHANT_ID,找不到附魔资讯
MSI_NOT_SATISFIED_ENCHANT_CONDITION,没有达成附魔条件
MSI_RODEX_SPAMOPTION_FAIL,是否接受任何玩家讯息设定失败
MSI_RODEX_SPAMOPTION_ON,设定为拒绝接受非好友与非公会成员玩家Rodex讯息
MSI_RODEX_SPAMOPTION_OFF,设定为接受所有玩家Rodex讯息
MSI_RODEX_SPAMOPTION_USERBLOCK,对方拒绝非好友与非公会成员Rodex讯息
MSI_RODEX_SPAMOPTION_RETURN_SUCCESS,信件被退回
MSI_RODEX_SPAMOPTION_RETURN_FAIL,回收信件失败
MSI_RODEX_SPAMOPTION_WARNING,该RODEX的发信者不是好友或公会会员，请注意被诈骗!
MSI_RODEX_SPAMOPTION,接受所有玩家Rodex讯息
MSI_EFST_ITEM_TIME_LIMIT_EXCEED,由于相同效果的持续时间超过上限，因此不能使用。
MSI_GRADE_ENCHANT_SUCCESS_REFINING_LEVEL_DISAPPEAR,成功时精炼值重置为0。
MSI_GRADE_ENCHANT_SUCCESS_RANDOM_OPT_ENCHANT_KEEP,卡片、随机能力、附魔会保留。
MSI_GRADE_ENCHANT_FAILED_REFINING_RANDOM_OPT_ENCHANT_KEEP,失败时精炼值不变。
MSI_HOTKEY_RESET,重置
MSI_HOTKEY_OLD_VER,旧版本
MSI_EXP_BAR_BASE_LV,Base Lv. %d
MSI_EXP_BAR_JOB_LV,Job Lv. %d
MSI_BASIC_INFO_LV_NAME,Lv.%d %s
MSI_MENU_ICON_QUEST,任务清单
MSI_MENU_ICON_CASHSHOP,商城
MSI_MENU_ICON_HOTKEY,快捷键介绍
MSI_MENU_ICON_ADVENTURER_AGENCY,冒险家仲介中心
MSI_NEWUI_ZERO_ONOFF,UI主题
MSI_NEWUI_ZERO_UIOLD,目前UI
MSI_NEWUI_ZERO_UINEW,新增UI
MSI_NEWUI_ZERO_UISKIN,UI外框画面
MSI_NEW_RANDOM_OPTION,- 新增能力 -
MSI_MONSTERINFO_TRIBE_UNKNOWN,无型
MSI_MONSTERINFO_TRIBE_UNDEAD,不死型
MSI_MONSTERINFO_TRIBE_ANIMAL,动物型
MSI_MONSTERINFO_TRIBE_PLANT,植物型
MSI_MONSTERINFO_TRIBE_INSECT,昆虫
MSI_MONSTERINFO_TRIBE_MARINE,鱼贝型
MSI_MONSTERINFO_TRIBE_DEVIL,恶魔型
MSI_MONSTERINFO_TRIBE_HUMAN,人类型
MSI_MONSTERINFO_TRIBE_ANGEL,天使型
MSI_MONSTERINFO_TRIBE_DRAGON,龙族
MSI_MONSTERINFO_PROPERTY_NEUTURAL,无
MSI_MONSTERINFO_PROPERTY_WATER,水
MSI_MONSTERINFO_PROPERTY_EARTH,地
MSI_MONSTERINFO_PROPERTY_FIRE,火
MSI_MONSTERINFO_PROPERTY_WIND,风
MSI_MONSTERINFO_PROPERTY_POISON,毒
MSI_MONSTERINFO_PROPERTY_SAINT,圣
MSI_MONSTERINFO_PROPERTY_DARK,暗
MSI_MONSTERINFO_PROPERTY_MENTAL,念
MSI_MONSTERINFO_PROPERTY_UNDEAD,不死
MSI_MONSTERINFO_SIZE_SMALL,小型
MSI_MONSTERINFO_SIZE_MIDDLE,中型
MSI_MONSTERINFO_SIZE_BIG,大型
MSI_MONSTERINFO_DEF,DEF
MSI_BAN_TEENAGER,青少年限制登入。
MSI_STYLINGSHOP_COLOR_RESET,0Zeny (移除染色)
MSI_ZEROQUEST_ALLSELECT,全选
MSI_ZEROQUEST_SIMPLEUI_ON,简易任务UI
MSI_CASHSHOP_FREE,FREE!
MSI_ACCOUNT_LIMITED_TOOL_RENT_TIME,租赁时间
MSI_ACCOUNT_LIMITED_TOOL_RENT_TIME_MAX_14DAY,租赁时间最长可输入14天。
MSI_CASHSHOP_NON_TRADABLE,不可交易
MSI_ZEROQUEST_QUESTVIEWWND_ON,开启简易任务
MSI_ZEROQUEST_QUESTVIEWWND_OFF,关闭简易任务
MSI_ZEROQUEST_QUESTVIEW_ON,于简易任务视窗上新增
MSI_ZEROQUEST_QUESTVIEW_OFF,自简易任务视窗上删除
MSI_ZEROQUEST_QUESTHELP_TITLE,任务指导
MSI_ZEROQUEST_QUESTHELP_1,1. 下拉式方块 + 关键字搜寻栏 : 任务排序、搜寻功能
MSI_ZEROQUEST_QUESTHELP_2,
MSI_ZEROQUEST_QUESTHELP_3,- 任务种类 : NORMAL(一般)/ MAIN(主线)/ EPISODE(EP)/ DAILY(每日)/ LOCAL(地区)/ JOB(职业)/ GUIDE(指南)/ EVENT(活动)，以任务分类后排序。
MSI_ZEROQUEST_QUESTHELP_4,
MSI_ZEROQUEST_QUESTHELP_5,2. 路径指引UI
MSI_ZEROQUEST_QUESTHELP_6,- 开启路径指引UI :
MSI_ZEROQUEST_QUESTHELP_7,Menu Icon → 路径指引Icon(快捷键 : N)
MSI_ZEROQUEST_QUESTHELP_8,- 点击文字超连结或npc(怪物)图示 : 
MSI_ZEROQUEST_QUESTHELP_9,路径指引标示&在野外地面上标示足迹(箭头)到目的地
MSI_ZEROQUEST_QUESTHELP_10,3. 执行路径指引时，会在聊天视窗上指引移动路径。
MSI_ZEROQUEST_QUESTHELP_11,4. 与卡普拉职员对话后，便可使用[传送服务]。
MSI_ZEROQUEST_QUESTHELP_12,5. 简易任务UI :
MSI_ZEROQUEST_QUESTHELP_13,将任务UI显示于游戏萤幕上的简易功能
MSI_ZEROQUEST_QUESTHELP_14,滑鼠右击各任务标题时，可呼叫任务资讯UI或删除该任务清单。
MSI_ZEROQUEST_QUESTHELP_15,已有功能。
MSI_TIPBOX_START_OPEN,开始时开启
MSI_RESULT_ERROR_VTC_303,资讯交谈已超时，请重新执行客户端。
MSI_RESULT_ERROR_VTC_304,发生了不明的错误，请重新执行。
MSI_ZEROCHATWND_RESIZE,变更大小(%s)
MSI_ZEROCHATWND_LOCK,关闭功能
MSI_ZEROCHATWND_UNLOCK,解除功能
MSI_ZEROCHATWND_CHATON,开启输入
MSI_ZEROCHATWND_CHATOFF,关闭输入
MSI_ZEROCHATWND_SEND,设定收件人
MSI_ZEROCHATWND_SENDG,设定收件群组
MSI_ZEROCHATWND_OPTION,设定
MSI_ZEROCHATWND_STICKOFF,跳窗分离
MSI_ZEROCHATWND_STICKON,返回TAB
MSI_ZEROCHATWND_ADD,新增TAB
MSI_ZEROCHATWND_DEL,删除TAB
MSI_ZEROCHATWND_ENTER,按Enter键便可开始聊天
MSI_TAKEOFF_ALL,卸除装备
MSI_FAILED_BUSY,请稍后再试。
MSI_USESKILL_FAIL_NEED_TWINKLING_GALAXY_AREA,仅能于天地万星区域使用。
MSI_USESKILL_FAIL_NEED_SOULCOLLECT,需要灵魂蓄积效果。
MSI_USESKILL_FAIL_NEED_CHARMS,护身符不足。
MSI_USESKILL_FAIL_NEED_GATLING_OR_SHOTGUN,需要装备格林机关枪或霰弹枪系列的枪支类。
MSI_USESKILL_FAIL_NEED_RIFLE_OR_HANDGUN,需要装备来福枪或左轮手枪系列的枪支类。
MSI_USESKILL_FAIL_NEED_GRANADE_OR_RIFLE,需要装备榴弹枪或来福枪系列的枪支类。
MSI_USESKILL_FAIL_NEED_GATLING_OR_HANDGUN,需要装备格林机关枪或左轮手枪系列的枪支类。
MSI_USESKILL_FAIL_NEED_SHOTGUN_OR_GRANADE,需要装备霰弹枪或榴弹枪系列的枪支类。
MSI_USESKILL_FAIL_NEED_SHIELD_WEAPON,尚未装备盾牌。
MSI_CLOSE_BANKING_FOR_EXPANDED_BARTERMARKET,在多重物件交换中不能使用银行，已强制结束银行。
MSI_CANNOT_OPEN_BANKING_DURING_EXPANDED_BARTERMARKET,在多重物件交换中不能使用银行。
MSI_FAIL_NO_SPACE_BEHIND_THE_TARGET,没有空间可移动至目标的影子。
MSI_USESKILL_FAIL_NEED_COMMUNION_WITH_SPIRIT,至少要跟一种灵物处于交流状态。
MSI_PACKAGEITEM_SLEEPSTONECURSEFAIL,睡眠、石化状态下无法使用道具。
MSI_PACKAGEITEM_BURROWFAIL,Burrow状态下无法使用道具。
MSI_PACKAGEITEM_USEFAIL,无法使用转蛋、机率性道具。
MSI_PACKAGEITEM_SETTINGFAIL,转蛋、机率性道具设置失败!!
MSI_PACKAGEITEM_TIME,^ff0000 可使用时间：%d天%d小时 ^000000
MSI_PACKAGEITEM_SELECT,已选择了%s，确定所选内容吗？
MSI_GRADE_ENCHANT_ENHANCED_UP,每次需求数量：%d个
MSI_JOB_IMPERIAL_GUARD,ImperialGuard
MSI_JOB_ABYSS_CHASER,Abyss Chaser
MSI_JOB_WINDHAWK,WindHawk
MSI_EMBLEM_UPLOAD_FAILED_DB,徽章註册失败。
MSI_EMBLEM_UPLOAD_FAILED_AUTH,伺服器註册失败。
MSI_EMBLEM_UPLOAD_FAILED_FILE,文件註册失败。
MSI_SORT_MINIPARTY,小队视窗排序
MSI_PICKUP_FAILED_PARTY_MEMBER,均等分配状态，\n小队成员的重量或类型超出，无法获得道具。
MSI_BROADCASTING_SPECIAL_ITEM_OBTAIN_ADD_LEVEL,[%s]从[%s]获得了''+%d %s''。
MSI_FAILED_ALL_RODEX_LIST,请重新打开邮件。
MSI_FAIL_CALLHOMUN_INVALID_JOBTYPE,目前的职业无法召唤人工生命体 S，需要转职为高级职业。
MSI_FAIL_ITEMCOMPOSITION_LIST,没有可装备卡片的道具。
MSI_DAMAGE_EQUIPMENT,伤害显示
MSI_DAMAGE_EQUIPMENT_TOOLTIP,伤害显示
MSI_DAMAGE_DIR_LEFT,↖
MSI_DAMAGE_DIR_CENTER,↑
MSI_DAMAGE_DIR_RIGHT,↗
MSI_DAMAGE_DIR_DEFAULT,Default
MSI_MACRO_CHECK_REMOVE_RUNNING,已有追蹤中的对象。
MSI_MACRO_CHECK_REMOVE_SUCCESS,开始追蹤对象。
MSI_MACRO_CHECK_REMOVE_NOT_EXISTS,没有追蹤中的对象。
MSI_MACRO_CHECK_REMOVE_OFF_SUCCESS,结束追蹤。
MSI_MACRO_CHECK_REMOVE_TIMESUP,时间到期，结束追蹤。
MSI_MACRO_CHECK_REMOVE_INVALID_AID,找不到对象。
MSI_NEWSEIGEMODE_SKILL,^0054FF[能力值校正] % d.%d %%^000000
MSI_DYNAMICNPC_CREATE_RESULT_FAIL_MAXCOUNT,无法再呼叫NPC。
MSI_MACRO_DETECTOR_NOTICE4,错误%d次时，将依据营运政策永久冻结。
MSI_FAIL_CALLHOMUN_OVER_100LEVEL,无法于目前职业召唤，须转职上位职业。
MSI_FAIL_STRIPSHADOW_TO_MADO_NOTICE,魔导战甲搭乘者无法使用卸除系列、护贝系列技能。
MSI_MACRO_REPORTER_SELECT_MODE_MAP,地图
MSI_MACRO_REPORTER_SELECT_MODE_QUIZ,Quiz
MSI_MACRO_REPORTER_TOOLTIP_MAP,于下方文字范围输入要发送跳棋的地图。
MSI_MACRO_REPORTER_TOOLTIP_QUIZ,于下方文字范围输入要于跳棋显示的Quiz。
MSI_MACRO_REPORTER_UNKNWON_MAP,地图档名错误。
MSI_MACRO_REPORTER_WRONG_NUMBER,数字组合错误。
MSI_MACRO_REPORTER_TOOLTIP_MAP_QUIZ_INPUT,请撰写后输入Enter储存。
MSI_MACRO_BLACKLIST_USER_CHCEK_RESULT_SUCCESS,向封锁列表的%d名玩家发送跳棋。
MSI_MACRO_BLACKLIST_USER_CHCEK_RESULT_FAIL_COOLTIME,封锁列表跳棋冷却时间。
MSI_MACRO_BLACKLIST_USER_CHCEK_RESULT_FAIL_MAPNAME,Map数值有问题。
MSI_MACRO_BLACKLIST_USER_CHCEK_RESULT_FAIL_PARAM,Quiz或正确答案次数有问题
MSI_MACRO_BLACKLIST_USER_CHCEK_RESULT_FAIL_QUESTION,Quiz数值有问题。
MSI_MACRO_BLACKLIST_USER_CHCEK_RESULT_FAIL_MAPNAME_COUNT,Map个数有问题。
MSI_MACRO_BLACKLIST_USER_CHCEK_REMAIN_TIME,剩余时间 %02d：%02d：%02d
MSI_MACRO_BLACKLIST_USER_CHCEK_NOTICE1,已启动探测模式，请使用键盘输入画面左下方显示的数字。
MSI_MACRO_BLACKLIST_USER_CHCEK_NOTICE2,剩余时间到期或错误%d次时，赋予惩罚。
MSI_MACRO_BLACKLIST_USER_CHCEK_ANSWER_INPUT,输入安全码
MSI_WEDDING_RING_ITEM_NAME_FORMAT,%s和
MSI_ACCOUNT_LIMITED_TOOL_RESULT_NEWFORMAT,>> ItemName：%s /  数量：%d / 贩售期间：%d月:%d日:%d点:%d分~ %d年:%d月:%d日:%d点:%d分
MSI_ACCOUNT_LIMITED_SALE_ITEM_NEXT_NEWDATE,~ %d年%d月 %d日 %d点 %d分
MSI_CANNOT_ATTACK_IN_THE_PARTYWND,无法对在组队视窗对同队队员使用攻击技能。
MSI_RETRY_AFTER_PROCESS,请完成进行或邀请状态后再试一次。
MSI_GUILD_EXP_TRIBUTE,显示贡献经验值max讯息
MSI_EQUIPMENT_PROPERTIES,装备能力值
MSI_VIEW_CHANGE_EQUIPMENT_PROPERTIES_MSG,穿戴/卸除装备时，显示能力值变化
MSI_ALLY_CHAT_MSG,显示同盟聊天讯息
MSI_SEND_TO_ALLY,向同盟发送
MSI_PAY_CONFIRM_BY_NYANGVINE_FRUIT,^FF2931使用的喵杨桃道具\n不可取消\n，也不可再次兑换为喵杨桃果实\n。
MSI_REFINING_POSSIBLE,可精炼
MSI_REFINING_IMPOSSIBLE,不可精炼
MSI_ENCHANT_POSSIBLE,可附魔
MSI_ENCHANT_IMPOSSIBLE,不可附魔
MSI_GRADE_ENCHANT_POSSIBLE,可等级强化
MSI_GRADE_ENCHANT_IMPOSSIBLE,不可等级强化
MSI_RUNESYSTEM_EQUIP_OUT,要卸除装备吗?
MSI_RUNESYSTEM_EQUIP_NOTPUT,所选项目资讯错误。
MSI_RUNESYSTEM_RUNESET_TITLE,符文石碑：%s组
MSI_RUNESYSTEM_RUNE_TITLE,%s的符文碎片
MSI_RUNESYSTEM_RUNE_UPGRADEPER,强化机率
MSI_RUNESYSTEM_RUNE_FAILDESC,失败时成功机率+%.2f%%。
MSI_RUNESYSTEM_RUNE_UPGRADEMAXDESC,已是最大强化等级。
MSI_RUNESYSTEM_RUNE_UNACTIVEDESC,未启用的状态下无法进行的功能。
MSI_RUNESYSTEM_RUNE_RUNE_NULL,符文资讯不存在。
MSI_RUNESYSTEM_RUNESET_DESC,%d套装效果
MSI_RUNESYSTEM_TITLE,符文石碑系统
MSI_RUNESYSTEM_EQUIP_NOT,没有装备的符文。
MSI_RUNESYSTEM_EQUIP_PUTERR,请卸除装备的符文组。
MSI_ADVENTURE_GUIDE,冒险指南
MSI_RUNESYSTEM_DURING_CANNOT_OPEN_RODEX,符文系统使用中无法使用Rodex。
MSI_RUNESYSTEM_DURING_CANNOT_OPEN_BANKING,符文系统使用中无法使用银行。
MSI_RUNESYSTEM_CLOSE_RODEX,符文系统使用中无法使用Rodex，已强制退出Rodex。
MSI_RUNESYSTEM_CLOSE_BANKING,符文系统使用中无法使用银行，已强制退出银行。
MSI_NOTIFY_JOIN_GUILD_ACCEPT_WND,已申请加入公会。结束所有移动相关视窗后，即可查看申请。
MSI_NOTIFY_ALLY_GUILD_ACCEPT_WND,已申请登录同盟。 结束所有移动相关视窗后，即可查看申请。
MSI_NOTIFY_JOIN_FRIEND_ACCEPT_WND,已申请登录好友。结束所有移动相关视窗后，即可查看申请。
MSI_NOTIFY_JOIN_PARTY_ACCEPT_WND,已申请加入队伍。结束所有移动相关视窗后，即可查看申请。
MSI_NOTIFY_EXCHANGE_ACCEPT_WND,已申请1:1 交易。结束所有移动相关视窗后，即可查看申请。
MSI_WARNING,警告
MSI_RUNESYSTEM_FAILED_ITEMCREATE,已持有上限量的70%以上，或背包没有8格以上空间。
MSI_TITLE_QUEST_BOARD_LIST,任务看板
MSI_TITLE_QUEST_BOARD_INFO,任务资讯
MSI_MACRO_USER_REPORT,检举玩家
MSI_MACRO_USER_REPORT_COUNTLIMIT,已超过每日检举次数，无法再检举。
MSI_MACRO_USER_REPORT_SUCCESS,已检举%s。
MSI_MACRO_USER_REPORT_COOLTIME,对象检举其他玩家中。
MSI_MACRO_USER_REPORT_EFST_ACTIVATED,对象为检举保护状态。
MSI_MACRO_USER_REPORT_PENALTY_COUNTMAX,对象已超过每日累积检举次数，无法再检举。
MSI_MACRO_USER_REPORT_REPORTED,已收到其他玩家检举。
MSI_DECOM_NUM,分解%d
MSI_RESET_CASH_EMOTION_INFO,已重置购买动作资讯。
MSI_RUNESYSTEM_ALREADY_EXIST,已装备符文套组中。
MSI_RUNESYSTEM_NOT_EXIST,符文石碑组成不完整。
MSI_RUNESYSTEM_LACK_OF_ITEM,需要的道具不足。
MSI_RUNESYSTEM_ALREADY_EQUIPED,已有装备中的符文套组，请卸除后再试一次。
MSI_RUNESYSTEM_NOTHING_EQUIPED,没有装备中的符文套组。
MSI_RUNESYSTEM_INVALID_ID,错误的符文石碑数据。请稍后再试一次。
MSI_RUNESYSTEM_MAX_LEVEL,无法再强化，已达强化上限。
MSI_RUNESYSTEM_INVALID_OWNER,错误的符文石碑数据。请稍后再试一次。
MSI_RUNESYSTEM_TABLE_NOT_EXIT,错误的符文石碑数据。请稍后再试一次。
MSI_RUNESYSTEM_DB_LOAD_NOT_YET,读取符文石碑数据中，请稍后再试一次。
MSI_RUNESYSTEM_INVALID_TABLE_DATA,错误的符文石碑数据。请稍后再试一次。
MSI_RUNESYSTEM_RUNE_UI_NOT_OPENED,未启用UI。
MSI_DECOM_FAIL,未知的错误，请再试一次。
MSI_DECOM_CANNOT_FIND_ITEM,没有要分解的道具。
MSI_DECOM_NOT_ENOUGH_INVENTORY,背包空间不足，请释出背包空间后再试一次。
MSI_DECOM_HEAVY_INVENTORY,角色重量过重，请减轻重量后再试一次。
MSI_DECOM_OVER_ITEM_COUNT,道具已超过最大数量(30000)。
MSI_DECOM_RUNE_UI_NOT_OPENED,未启用UI。
MSI_DECOM_TABLE_NOT_EXIT,没有分解资讯。
MSI_DECOM_NOT_ENOUGH_ITEM_COUNT,要分解的道具不足。
MSI_MACRO_USER_REPORT_NOT_USE_AREA,无法在此区域检举。
MSI_GRAPHIC_SETTING_RENDER_SYSTEM,图像API
MSI_PAY_CONFIRM_BY_ITEM,^FF2931使用的 %s 道具\n不包含在退款范围内，\n且无法重新交换为 %s。
MSI_ENCHANT_MARK_1,D
MSI_ENCHANT_MARK_2,C
MSI_ENCHANT_MARK_3,B
MSI_ENCHANT_MARK_4,A
MSI_VIEW_COSTUME,显示服饰外观
MSI_SHORTCUT_SKILL_TOOLTIP_SP_PERCENT,{0} Use Lv {1} (Sp : {2}%)
MSI_SHORTCUT_SKILL_TOOLTIP_SP_VALUE,{0} Use Lv {1} (Sp : {2})
MSI_SHORTCUT_SKILL_TOOLTIP_SP_PERCENT_AP_VALUE,"{0} Use Lv {1} (Sp : {2}%, Ap : {3})"
MSI_SHORTCUT_SKILL_TOOLTIP_SP_VALUE_AP_VALUE,"{0} Use Lv {1} (Sp : {2}, Ap : {3})"
MIS_SHORTCUT_SKILL_TOOLTIP_HOTKEY_SP_PERCENT,{0} {1} Use Lv {2} (Sp : {3}%)
MSI_SHORTCUT_SKILL_TOOLTIP_HOTKEY_SP_VALUE,{0} {1} Use Lv {2} (Sp : {3})
MSI_SHORTCUT_SKILL_TOOLTIP_HOTKEY_SP_PERCENT_AP_VALUE,"{0} {1} Use Lv {2} (Sp : {3}%, Ap : {4})"
MSI_SHORTCUT_SKILL_TOOLTIP_HOTKEY_SP_VALUE_AP_VALUE,"{0} {1} Use Lv {2} (Sp : {3}, Ap : {4})"
MSI_QUESTINFOWND_QUEST_TITLE,QUEST : 
MSI_SHOW_FOOTPRINT_EFFECT,仅显示自己
MSI_NO_SEARCH_RESULTS,没有搜寻结果
MSI_CHECK_PROBABILITY,4116
MSI_REFINING_BLACKSMITH_BlESSING_MSG1,注意
MSI_REFINING_BLACKSMITH_BlESSING_MSG2,尚未套用铁匠的祝福，是否继续强化？
MSI_REFINING_BLACKSMITH_BlESSING_MSG3,正在精炼此装备，不再提示
MSI_PROBABILITY_TITLE,公开机率
MSI_COMPONENT_SEARCH,搜寻内容物
MSI_PROBABILITY,机率
MSI_ITEM_HIRE_HOUR,({}小时)
MSI_REFINING_PROBABILITY_URL,4124
MSI_GRADE_ENCHANT_PROBABILITY_URL,4125
MSI_SELLINGSLOT_SUCCESS,已生成新角色栏位。
MSI_SELLINGSLOT_ERROR_SYSTEM,发生未知错误，使用道具失败。
MSI_SELLINGSLOT_ERROR_MAXSLOT,无法再扩张角色栏位。
MSI_ETC_PROBABILITY_URL,4129
MSI_ETC_PROBABILITY_WEB_CONNECT,移动至公开机率网页。
MSI_GENDER_CHANGE_FAILED_CAUSE_JOB,该职业无法使用道具。
MSI_GENDER_CHANGE_FAILED_CAUSE_GROUP,隶属组队或公会时无法使用道具。
MSI_GENDER_CHANGE_FAILED_CAUSE_MARRIED,结婚状态无法使用道具。
MSI_GENDER_CHANGE_FAILED_CAUSE_MONSTER_TRANSFORM,变身状态无法变更性别。
MSI_GENDER_CHANGE_MESSAGE_CONFIRM,要变更角色性别吗?
MSI_GENDER_CHANGE_MESSAGE_OK,开始变更性别
MSI_GENDER_CHANGE_MESSAGE_CANCEL,已取消使用道具。
MSI_GENDER_CHANGE_MESSAGE_COMPLETE,已变更角色性别。
MSI_MACRO_CHECKER_MAP_NOT_GM,没有使用命令语权限。
MSI_MACRO_CHECKER_MAP_BANNED_MAP,无法生成外挂检查器的地图。
MSI_MACRO_CHECKER_MAP_IS_COOLTIME,无法生成外挂检查器。
MSI_MACRO_CHECKER_MAP_SUCCESS,已于该地图生成外挂检查器。
MSI_GAME_SETTINGS_TAB_BASIC,基本设定
MSI_GAME_SETTINGS_TAB_EFFECT,效果设定
MSI_GAME_SETTINGS_TAB_CONTROL,控制设定
MSI_GAME_SETTINGS_TAB_GRAPHICS,画质设定
MSI_GAME_SETTINGS_EMBLEM_FRAME,徽章边框
MSI_GAME_SETTINGS_ON,开启
MSI_GAME_SETTINGS_OFF,关闭
MSI_GAME_SETTINGS_SHOW,显示
MSI_GAME_SETTINGS_HIDE,隐藏
MSI_GAME_SETTINGS_RODEX_SPAM_ON,拒绝接收随机玩家讯息
MSI_GAME_SETTINGS_RODEX_SPAM_OFF,接收所有玩家讯息
MSI_GAME_SETTINGS_PROCESS_PRIORITY,预设优先顺序
MSI_GAME_SETTINGS_PROCESS_PRIORITY_HIGH,高
MSI_GAME_SETTINGS_PROCESS_PRIORITY_HIGH_TOOLTIP,提升仙境传说游?进程的优先顺序，以加快游戏速度。
MSI_GAME_SETTINGS_PROCESS_PRIORITY_NORMAL,普通
MSI_GAME_SETTINGS_PROCESS_PRIORITY_NORMAL_TOOLTIP,仙境传说游戏进程的优先设定为预设的普通。
MSI_GAME_SETTINGS_PROCESS_PRIORITY_IDLE,低
MSI_GAME_SETTINGS_PROCESS_PRIORITY_IDLE_TOOLTIP,仙境传说游戏进程的优先顺序低，与其他程式一起运行更容易。
MSI_GAME_SETTINGS_AURA,显示光圈
MSI_GAME_SETTINGS_SIMPLE_AURA,表现光圈
MSI_GAME_SETTINGS_SIMPLE_AURA_OFF,原始
MSI_GAME_SETTINGS_SIMPLE_AURA_ON,迷雾光圈
MSI_GAME_SETTINGS_DAMAGE_EXPAND,显示伤害
MSI_GAME_SETTINGS_DAMAGE_EXPAND_ON,扩大显示
MSI_GAME_SETTINGS_DAMAGE_EXPAND_OFF,基本显示
MSI_GAME_SETTINGS_MAP_NAME,移动地区时
MSI_GAME_SETTINGS_MAP_NAME_ON,显示地图名称
MSI_GAME_SETTINGS_MAP_NAME_OFF,不显示地图名称
MSI_GAME_SETTINGS_FOG,云雾效果
MSI_GAME_SETTINGS_FOOTPRINT_EFFECT,脚印效果
MSI_GAME_SETTINGS_FOOTPRINT_EFFECT_ALL,全部显示
MSI_GAME_SETTINGS_SNAP,滑鼠自动瞄准
MSI_GAME_SETTINGS_SNAP_ATTACK,魔物目标
MSI_GAME_SETTINGS_SNAP_SKILL,技能目标
MSI_GAME_SETTINGS_SNAP_ITEM,捡拾道具
MSI_GAME_SETTINGS_NO_CTRL,No Ctrl
MSI_GAME_SETTINGS_NO_CTRL_TEXT,魔物持续攻击时，不点击Ctrl
MSI_GAME_SETTINGS_NO_SHIFT,No Shift
MSI_GAME_SETTINGS_NO_SHIFT_TEXT,使用恢复技能攻击魔物时，不点Shift
MSI_GAME_SETTINGS_ZOOM_OUT_TEXT,放大时，画面显示宽一点
MSI_GAME_SETTINGS_MOUSE_EXCLUSIVE_TEXT,视窗模式时，鼠标不会移至视窗外
MSI_GAME_SETTINGS_SCREEN_MODE,画面模式
MSI_GAME_SETTINGS_FULLSCREEN_MODE,全萤幕模式
MSI_GAME_SETTINGS_WINDOW_MODE,视窗画面模式
MSI_GAME_SETTINGS_TRILINEAR,各向异性过滤
MSI_MACRO_CHECKER_MAP_NOT_PROPER_MAP,使用命令语地区不正确。
MSI_TAREN_TRWSDK_FILTER_SENSITIVEWORDS_ERROR,发生介面错误，请稍后再试一次。
MSI_TAREN_TRWSDK_FILTER_NO_SEND_BECAUSE_SENSITIVEWORDS_ERROR,发生介面错误，已中断传送。
MSI_REFUSE_SDK_AUTH_FAILED,SDK登入资讯认证失败，请稍后再试一次。
MSI_CHECK_CHAR_DELETE_TEXT,确定删除角色
MSI_BAN_BLOCK_CHARCTER_SERVER_SECOND_PASSWORD_BR,该帐号2次密码输入错误，无法连线。\n 将于{2:02}/{1:02}/{0:04} {3:02}:{4:02}解除限制。请前往官网-> 变更个人资讯 -> 2次密码进行本人验证，取消连线限制。
MSI_USESKILL_FAIL_NEED_SHOTGUN_OR_GATLING_OR_GRANADE,须装备霰弹枪、机关枪或榴弹发射器系列枪类状态。
MSI_TIPTAG_FOCUS_WARNING,>> 未指定要使用tag的位置。
MSI_NAVIGATION_NOT_SEARCH_INMAP_MSG,Navigation >: 不支援搜寻内部环境地图
MSI_ERRORPOPUP_TITLE,error code - 0x80%d
MSI_ERRORPOPUP_DETAIL,请截图该错误代码画面，\n并询问GM。
MSI_NAVIGATION_RS_REFAILTARGETROUTE,已脱离路径，请返回。
MSI_RUNESYSTEM_REWARD_NOTMET,请先收集。
MSI_RUNESYSTEM_REWARD_COMPLETE,已完成收集奖励。
MSI_RUNESYSTEM_REWARD_EMPTY,收集奖励不存在。
MSI_RUNESYSTEM_REWARD_FAIL,收集奖励失败。
MSI_RUNESYSTEM_REWARD_TITLE,收集符文套装奖励
MSI_STORE_PASSWORD_ONOFF_MSG,道具仓库Password
MSI_CASHSHOP_PASSWORD_ONOFF_MSG,商城Password
MSI_SECOND_PASSWORD_ONOFF_TIP_MSG,点击将恢复使用二次密码
MSI_REMOVE_HEAD_COLOR,移除染色
MSI_GENDER_CHANGE_FAILED_CAUSE_RIDING,搭乘中无法使用变更性别道具。
MSI_USE_ITEM_FAILED,目前状态无法使用消耗道具。
MSI_RUNESYSTEM_REWARD_CANNOT_FIND_ITEM,与先前资讯不符
MSI_RUNESYSTEM_REWARD_MAX_INVENTORY,背包空间不足。
MSI_RUNESYSTEM_REWARD_HEAVY_INVENTORY,背包太重。
MSI_RUNESYSTEM_REWARD_OVER_ITEM_COUNT,道具数量已超过上限。
MSI_RUNESYSTEM_REWARD_RUNE_UI_NOT_OPENED,未开启UI。 
MSI_RUNESYSTEM_REWARD_TABLE_NOT_EXIT,没有资讯栏位。
MSI_ACCOUNT_LIMITED_TOOL_RESULT_OVERSEA,>> ItemName : {0} / 数量 : {1} / 贩售期间 : {2}月:{3}日:{4}时:{5}分 ~ {6}年:{7}月:{8}日:{9}时:{10}分
MSI_ACCOUNT_LIMITED_SALE_ITEM_START_DATE_OVERSEA,贩售期间 : {0}月 {1}日 {2}时 {3}分
MSI_ACCOUNT_LIMITED_SALE_ITEM_NEXT_NEWDATE_OVERSEA,~ {0}年 {1}月 {2}日 {3}时 {4}分
MSI_ACCOUNT_LIMITED_REFRESH_COOLTIME,秒后可进行
MSI_SIMPLE_CURRENCY,P
MSI_GAME_SETTINGS_LOGINOUT,登入通知
MSI_GAME_SETTINGS_TAB_ETC,其他设定
MSI_GAME_SETTINGS_FOG_ON,Fog On
MSI_GAME_SETTINGS_FOG_OFF,Fog Off
MSI_GAME_SETTINGS_EMBLEM_ON,Guild Emblem On
MSI_GAME_SETTINGS_EMBLEM_OFF,Guild Emblem Off
MSI_OPTIMAL_ROUTE,4227
MSI_AUTO_CHANGE_SIMPLE_UI,4228
MSI_SIMPLE_NAVIGATION,4229
MSI_AMENITIES_SHOW_HIDE,4230
MSI_EXPANSION_MINIMAP,4231
MSI_OPTION_ESC,4232
MSI_SELECT_QUEST,4233
MSI_UI_SOUND,4234
MSI_UI_SOUND_ON,4235
MSI_UI_SOUND_OFF,4236
MSI_ALREADY_SOUND_OFF,4237
MSI_EXPLAIN_UI_SOUND,4238
MSI_RUNESYSTEM_RUNETITLE,%s的符文碎片
MSI_MEMORIAL_DUN_DESTROY_EXPECTED,4240
MSI_CANNOT_MOVE_INDOOR_MAP,4241
MSI_CANNOT_RECEIVE_WEBMALL_RODEX,4242
MSI_UI_SAVE,4243
MSI_UI_INDIVIDUAL_REGISTRATION,4244
MSI_UI_PARTY_REGISTRATION,4245
MSI_UI_GUILD_REGISTRATION,4246
MSI_UI_CHANGENAME_NOTI,4247
MSI_UI_EXCHANGE,4248
MSI_UI_GUILDINFO_EDIT,4249
MSI_DAMAGED_LARM,4250
MSI_DAMAGED_RARM,4251
MSI_UI_MERCHANTITEM_PURCHASE_BUY,4252
MSI_UI_MERCHANTITEM_PURCHASE_SELL,4253
MSI_SKILL_DELAY_INFO,4254
MSI_SKILL_DELAY_INFO_CAST_FIXED,4255
MSI_SKILL_DELAY_INFO_CAST_STAT,4256
MSI_SKILL_DELAY_INFO_GLOBAL_POST,4257
MSI_SKILL_DELAY_INFO_SINGLE_POST,4258
MSI_SKILL_DELAY_INFO_CAST_SPECIAL,4259
MSI_SKILL_DELAY_INFO_TIME,%.3g초
MSI_UI_REWARD_REQUEST,4261
MSI_UI_EMOTION_VIEW,4262
MSI_EQUIPMENT_PROPERTIES_TAB0,4263
MSI_EQUIPMENT_PROPERTIES_TAB1,4264
MSI_EQUIPMENT_PROPERTIES_TAB2,4265
MSI_EQUIPMENT_PROPERTIES_TAB3,4266
MSI_EQUIPMENT_PROPERTIES_TAB4,4267
MSI_EQUIPMENT_PROPERTIES_TAB5,4268
MSI_EQUIPMENT_PROPERTIES_TAB6,4269
MSI_EQUIPMENT_PROPERTIES_TAB7,4270
MSI_UI_SELECT_CHARACTER,4271
MSI_UI_GAMEQUIT,4272
MSI_UI_CONTINUE_GAME,4273
MSI_UI_REBIRTH,4274
MSI_UI_RETURN_TO_SAVEPOINT,4275
MSI_UI_FIRED,4276
MSI_UI_SKILL,4277
MSI_UI_USE,4278
MSI_UI_SEARCH,4279
MSI_UI_NAME,Name
MSI_FREE_POINT_CURRENCY,J
MSI_QUESTUI_TAB_WAITING,4282
MSI_UI_STR,Str
MSI_UI_AGI,Agi
MSI_UI_VIT,Vit
MSI_UI_INT,Int
MSI_UI_DEX,Dex
MSI_UI_LUK,Luk
MSI_UI_ATK,Atk
MSI_UI_MATK,Matk
MSI_UI_HIT,Hit
MSI_UI_CRITICAL,Critical
MSI_UI_DEF,Def
MSI_UI_MDEF,Mdef
MSI_UI_FLEE,Flee
MSI_UI_ASPD,Aspd
MSI_UI_STATUS_POINT,Status Point
MSI_UI_GUILD,Guild
MSI_DAMAGED_HEAD,4299
MSI_UI_WEIGHT,Weight %d%%
MSI_SELECT_LANGUAGE,Language
MSI_UI_TIP,4302
MSI_SKILL_DELAY_INFO_CASTING,4303
MSI_SKILL_DELAY_INFO_COOLTIME,4304
MSI_SKILL_DELAY_INFO_LEVEL,4305
MSI_STYLING_SHOP_RODEX_TITLE,Styling Shop
MSI_AGREE,Agree
MSI_DISAGREE,Disagree
MSI_BTN_EXIT,Exit
MSI_REPLAY,Replay
MSI_NAME_UPPER,NAME
MSI_LOCK_UPPER,LOCK
MSI_NAVI_SHARE,Share
MSI_NAVI_FIND,Find
MSI_NAVI_MOVE,Move
MSI_ROOM_TITLE,4316
MSI_ROOM_LIMIT,4317
MSI_ROOM_TYPE,4318
MSI_ROOM_RESTRICT,4319
MSI_ROOM_PASSWORD,4320
MSI_LOGIN_ENTRY_QUEUE_NOTICE,4321
MSI_LOGIN_ENTRY_QUEUE_POS,4322
MSI_LOGIN_ENTRY_QUEUE_CANCEL_WARNING,4323
MSI_STORE_ASSISTANT_MAX_WEIGHT,Max Weight : %3d
MSI_STORE_PASSWORD_CHANGE,Change
MSI_DEBUFF_REMOVE,4326
MSI_PENALTY_MAKE_PARTY,4327
MSI_PENALTY_DEBUFF_REMOVE_NPC_ON,4328
MSI_SKILL_DELAY_FLAG_DISABLE_FIXEDCASTING_REDUCTION,4329
MSI_SKILL_DELAY_FLAG_NOREDUCT,4330
MSI_REFINING_FAIL_ITEM_SAFE,4331
MSI_DATE_MM_DD_OVERSEA,4332
MSI_DATE_HH_MM_SS_OVERSEA,4333
MSI_STAND_BY_CANCEL,4334
MSI_SKILL_DELAY_INFO_SO_EL_ACTION,4335
MSI_RESTRICTED,4336
MSI_RESTRICTED_CREATION_CHARACTER,4337
MSI_UNUSED,4338
MSI_ERASE_PROHIBIT_UNUSED,4339
MSI_ERASE_PROHIBIT_SUCCEED,4340
MSI_ERASE_PROHIBIT_FAILED,4341
MSI_PROHIBIT_TIME_LOG,4342
MSI_CHARACTER_NAME_RESERVATION,4343
MSI_PET_DISAPPEAR,宠物的亲密度过低，已回归野生。
MSI_MACRO_REPORT_1,4345
MSI_MACRO_REPORT_2,4346
MSI_MACRO_REPORT_3,4347
MSI_MACRO_REPORT_4,4348
MSI_MACRO_REPORT_5,4349
MSI_MACRO_REPORT_6,4350
MSI_RESTRICTED_ENTER,4351
MSI_INVALID_EMAIL_FORMAT,4352
MSI_NO_PET_IS_AVAILABLE_TO_TRANSFORM,4353
MSI_PET_IS_CURRENTLY_TRANSFORMED,4354
MSI_RESULT_FAIL_CANNOT_LOGIN,4355
MSI_PETINFO_ALERT,4356
MSI_PETINFO_SHOW_OPTION_ON,4357
MSI_BROADCASTING_SPECIAL_ITEM_OBTAIN_WITH_ITEM_LINK,[%s]已从[%s]获得了%s。
MSI_BROADCASTING_SPECIAL_ITEM_OBTAIN2_WITH_ITEM_LINK,%s，恭喜您获得%s！
MSI_BROADCASTING_REFINING_SUCCESS_LEVEL_9_WITH_ITEM_LINK,[%s]成功完成精炼，获得了%s道具。
MSI_BROADCASTING_REFINING_FAIL_LEVEL_9_WITH_ITEM_LINK,[%s]对%s道具的精炼失败了。
MSI_BROADCASTING_GRADE_ENCHANT_SUCCESS_WITH_ITEM_LINK,[%s]成功完成等级强化，获得了%s道具。
MSI_BROADCASTING_GRADE_ENCHANT_FAIL_WITH_ITEM_LINK,[%s]对%s道具的等级强化失败了。
MSI_PREVIEW_EQUIP_SIT,坐下
MSI_PREVIEW_EQUIP_MOVE,行走状态
MSI_PREVIEW_EQUIP_ATTACK,攻击状态
MSI_PREVIEW_EQUIP_ATTACK_WAIT,等候
MSI_PREVIEW_EQUIP_DEAD,死亡
MSI_PREVIEW_EQUIP_PICKUP,捡取动作
MSI_PET_CAANOT_WEAR_ACCESSORY,4370
MSI_PET_AUTO_TAKEOFF_ACCESSORY,4371
MSI_USESKILL_FAIL_NEED_EFST,4372
MSI_USESKILL_FAIL_NOT_EFST,4373
MSI_USESKILL_FAIL_DELAY_EFST,4374
MSI_USESKILL_FAIL_NEED_TRANSFORM_W,4375
MSI_USESKILL_FAIL_NEED_TRANSFORM_R,4376
MSI_USESKILL_FAIL_COMMON_MESSAGE,4377
MSI_REPORT,4378
MSI_PETINFO_SHOW_OPTION_OFF,4379
MSI_FAILED_RIDING_ON_TRANSFORM,4380
MSI_RESET_SKILL_FAILED_ON_TRANSFORM,4381
MSI_RESET_STAT_FAILED_ON_TRANSFORM,4382
MSI_RESET_SKILL_FAILED_ON_RIDING,4383
MSI_RESET_STAT_FAILED_ON_RIDING,4384